-0.13775,-0.18161,0.01572,-0.13476,-0.03363,-0.29118,-0.06756,0.02045,0.09040,-0.10690,-0.12601,-0.09745,-0.28876,0.03916,-0.03952,-0.07306,-0.01389,-0.17280,0.04250,-0.31689,-0.14694,-0.19100,-0.04642,-0.14058,-0.09133,-0.04584,-0.05761,-0.12253,0.01250,-0.05998,-0.03902,-0.17186,-0.04473,-0.18966,-0.14374,-0.12132,-0.17963,-0.07001,-0.02639,-0.00688,0.08482,-0.14882,-0.39608,-0.03443,0.07018,-0.06440,-0.39964,-0.24938,-0.17742,0.05520,-0.00484,-0.00688,-0.14110,-0.05869,-0.08651,0.06875,-0.14368,0.01157,-0.11357,0.12556,0.00800,-0.00299,-0.15048,-0.05842,0.08891,-0.17323,-0.37717,0.10475,-0.05800,-0.41461,-0.12012,-0.12433,-0.04997,-0.03340,-0.22404,-0.01887,-0.08661,-0.04492,-0.18491,-0.07641,-0.16073,-0.08212,-0.09742,-0.05479,-0.11897,0.01307,-0.11336,-0.06769,0.08007,-0.37555,-0.28383,-0.33709,-0.32451,-0.13841,-0.14115,-0.03991,-0.06469,-0.19543,-0.08983,0.00230
-0.32551,-0.24379,0.09917,-0.21075,0.02641,-0.39214,-0.05665,-0.24242,0.21114,-0.11218,-0.18774,-0.62492,-0.54877,0.35382,-0.07315,0.11096,-0.16715,-0.30019,0.43163,-0.10598,-0.44298,-0.27801,0.30087,-0.03488,0.12335,-0.29729,0.29553,-0.29667,-0.32849,-0.17208,0.00766,-0.38218,-0.25750,-0.21787,-0.03943,-0.10994,-0.22375,-0.04371,-0.13028,0.03403,0.26403,-0.21131,-0.37854,-0.23121,-0.11866,-0.17567,0.06330,-0.16931,-0.64465,0.40941,-0.23210,-0.29177,-0.54351,-0.04903,0.25535,-0.07948,-0.07911,-0.18707,0.25183,0.34898,0.01742,0.00305,-0.22451,-0.17909,0.24461,0.06028,-0.72271,-0.11165,0.42138,-0.33359,0.21877,-0.17955,-0.15448,-0.13174,-0.35555,-0.00918,-0.53428,-0.33817,-0.22337,-0.04042,-0.56926,-0.18725,-0.50741,0.14443,0.07317,-0.04002,0.15902,0.11823,-0.27564,-0.39539,-0.62924,-0.56981,-0.42463,0.09154,-0.03987,0.03040,-0.09703,-0.67773,0.00390,-0.24684
-0.19834,-0.02060,0.11907,-0.07778,-0.08926,-0.36014,-0.00965,-0.17687,0.28062,0.01896,-0.01859,0.02360,-0.27232,0.04564,0.06501,-0.10495,-0.18923,-0.20522,0.08586,0.04292,-0.24335,-0.10554,-0.12585,-0.02706,0.13025,0.04372,-0.16646,-0.02125,-0.04566,-0.00990,-0.03031,-0.21678,-0.11703,-0.10467,-0.05973,-0.24731,-0.24073,-0.01791,0.09494,0.13051,0.13653,-0.02257,-0.06947,-0.06540,0.01813,-0.28138,-0.00224,-0.00903,-0.16950,-0.06776,-0.15674,-0.32443,-0.28014,-0.03807,-0.03556,0.02188,-0.13632,-0.23008,-0.27037,-0.01191,-0.23552,0.00704,-0.03793,-0.02671,0.14427,0.07789,-0.31351,-0.07372,-0.07315,-0.07861,0.05442,0.04773,-0.03765,0.09742,-0.09208,0.00050,-0.00733,-0.18385,-0.27944,0.02033,-0.22209,-0.16815,-0.31502,-0.05600,-0.02826,0.13642,-0.01163,-0.08524,0.00191,-0.06466,-0.40505,-0.14069,-0.06610,0.11700,-0.22771,-0.17085,-0.32289,-0.28473,-0.06418,-0.30090
-0.13568,-0.13029,-0.00487,0.20453,0.05407,-0.27334,-0.16856,0.23687,-0.18857,-0.02935,0.31321,0.26170,-0.25687,0.15620,-0.09852,-0.23218,0.05119,0.28410,0.01917,-0.15331,-0.21193,-0.10801,-0.25930,0.06001,0.06777,0.16903,-0.04531,0.17173,0.08248,0.04835,0.20712,0.09285,0.26286,0.11210,0.04759,0.17304,0.02381,-0.10967,-0.10863,0.03301,0.10302,0.03556,0.03255,-0.01281,0.09187,-0.06210,0.17120,0.28286,-0.07907,-0.44870,-0.29935,-0.09842,-0.15910,0.29769,-0.16011,-0.35663,0.13870,-0.07093,-0.05847,0.11857,-0.17110,0.20396,-0.02075,0.07748,-0.01566,0.21780,0.02370,-0.04132,0.00690,0.00447,0.02071,-0.17054,0.23449,0.29743,-0.13208,0.12343,0.28930,0.19833,0.02833,0.29919,-0.01069,0.28000,-0.02630,-0.18798,-0.39238,0.08403,0.04519,-0.02083,0.11082,0.00802,-0.07926,0.19846,-0.08768,0.05578,0.14667,0.00592,0.21920,-0.02182,0.01783,-0.07654
-0.17325,-0.20715,-0.35900,0.23796,-0.22325,-0.24275,-0.52423,-0.36432,-0.44214,-0.29395,0.00653,-0.12383,0.02818,-0.29354,-0.17152,-0.44561,-0.19627,0.09728,-0.32171,0.01057,-0.11382,-0.20153,-0.34184,0.12085,-0.18320,-0.10340,-0.14290,-0.09494,-0.05135,-0.05292,-0.38437,-0.22933,-0.10767,-0.18983,-0.16373,-0.20721,-0.26962,-0.22446,0.06454,0.13059,-0.31463,-0.06792,-0.14478,-0.19132,-0.05320,-0.16348,0.03836,-0.09173,-0.31274,-0.14588,-0.37278,-0.11982,-0.00451,-0.15355,-0.61705,-0.27427,-0.03640,-0.08771,-0.28590,0.10015,-0.33244,-0.17694,-0.31887,-0.01870,-0.24327,-0.25716,-0.07663,-0.15431,-0.13133,-0.16196,-0.16430,-0.12449,-0.07259,0.07690,-0.24023,-0.18882,-0.08006,-0.15536,-0.13896,-0.02124,-0.09829,0.02864,-0.05448,-0.07129,-0.21089,-0.13085,-0.32766,-0.32775,0.02493,0.04891,-0.12298,0.12533,-0.06686,-0.42359,-0.24554,-0.20524,0.01568,-0.21679,0.03282,-0.22748
0.04917,-0.24045,0.03034,-0.23372,-0.17476,-0.00699,-0.19444,-0.30876,-0.19701,-0.29780,-0.27350,-0.35348,0.06456,-0.32199,-0.21950,-0.05171,-0.03523,-0.10781,0.01260,-0.36767,-0.23624,-0.00054,-0.07036,-0.17126,-0.28574,0.07988,-0.19128,-0.10484,-0.02173,-0.13452,-0.07795,-0.03664,-0.05684,0.05868,-0.12021,-0.11540,-0.10526,-0.00197,0.03904,-0.37889,-0.19755,-0.12012,-0.13299,-0.25424,-0.17831,-0.16781,-0.17640,0.14092,-0.23547,-0.02437,-0.01234,-0.02598,-0.27238,0.00711,-0.26218,0.06722,-0.22798,-0.07298,-0.32025,-0.18673,-0.28707,-0.15791,-0.05803,-0.05134,0.00263,-0.08749,0.03420,0.00516,0.00872,0.00921,-0.03188,-0.09356,-0.23002,0.08363,-0.21945,-0.15526,-0.30992,-0.21691,-0.15251,-0.16691,0.00383,-0.16897,0.00778,-0.28447,-0.16565,-0.12350,-0.34119,-0.22762,-0.25260,-0.04034,0.06679,-0.24232,-0.21019,0.03305,-0.11636,0.08926,-0.08405,-0.10164,-0.16632,-0.12671
-0.22091,-0.02484,0.23320,0.01441,-0.19587,-0.06756,-0.11638,-0.11201,0.00490,-0.27983,-0.00665,-0.18025,-0.20313,0.03287,0.13107,0.04827,-0.05443,0.11192,0.29020,-0.11499,-0.24248,-0.00961,-0.23885,0.05062,-0.01073,0.18427,-0.13011,-0.04950,-0.07210,-0.01908,0.05108,-0.07799,0.03565,-0.15116,0.11570,-0.11248,-0.07362,-0.11419,-0.06038,0.15802,-0.02502,-0.00599,-0.22507,-0.03197,0.01438,-0.09043,0.05659,0.12241,-0.05702,0.07227,-0.14087,-0.12859,-0.25411,-0.09690,-0.20913,0.10645,-0.20248,-0.11752,-0.11298,0.04171,-0.20881,0.03031,0.03155,0.06612,0.09801,0.02997,-0.29096,0.00563,-0.06588,-0.07359,-0.08787,0.01549,0.07569,0.08264,-0.03639,0.07428,-0.10187,-0.16249,0.09548,0.06705,0.00515,0.12158,-0.17690,0.04082,-0.27401,0.02835,-0.04497,0.14762,-0.14888,-0.00368,-0.23833,-0.23086,-0.19199,0.15381,-0.02573,-0.19788,-0.13019,-0.13207,0.22066,-0.08785
0.00642,-0.20483,-0.05277,-0.02912,-0.05135,-0.06783,-0.38190,-0.04738,-0.12294,-0.19446,-0.16243,-0.17420,-0.14662,-0.18207,-0.00334,-0.11687,-0.32813,0.04880,-0.09351,-0.12181,-0.12874,-0.16260,-0.36044,-0.27070,0.01852,-0.13129,-0.22576,0.08318,0.00278,-0.09793,-0.09480,-0.18227,-0.04418,-0.46432,-0.16545,-0.16139,-0.19088,-0.04568,-0.04976,-0.19592,-0.19668,0.07585,-0.07360,-0.00660,0.02910,-0.19974,-0.09865,-0.06920,0.06150,-0.35607,-0.12055,-0.14401,-0.10318,0.06623,-0.18692,-0.02716,-0.10332,0.24016,-0.19730,-0.22556,-0.28030,-0.17125,0.02778,-0.09568,-0.09449,-0.15494,0.20091,-0.27990,-0.15769,-0.04145,0.00737,-0.16217,0.00453,0.03288,0.00710,-0.11328,0.21243,-0.08013,-0.21475,-0.22325,0.15357,0.14698,0.06551,-0.06034,-0.38122,0.10062,-0.37588,-0.17334,-0.06256,0.01341,0.03950,-0.02822,-0.28758,0.02529,-0.06611,0.00085,-0.05502,-0.08029,0.01101,-0.03710
0.10868,-0.22035,-0.12593,-0.01211,0.09279,0.02048,-0.11708,-0.19023,-0.16530,-0.26802,0.18426,0.02878,-0.22524,0.00848,-0.03393,-0.30575,-0.26747,0.03459,-0.09535,-0.09743,-0.01469,-0.01992,-0.19527,-0.15358,-0.03062,-0.07868,-0.35206,-0.08337,-0.14137,-0.05774,0.01009,0.03044,0.04851,-0.17040,-0.07862,-0.15489,-0.11643,-0.10626,-0.07295,-0.09742,-0.15564,-0.03608,-0.14515,-0.10956,-0.13138,-0.02159,-0.02841,-0.04563,-0.08419,-0.33109,-0.09270,-0.09289,-0.28257,0.00881,-0.17418,-0.06840,0.13805,-0.07721,-0.27569,-0.08763,-0.15589,-0.04470,-0.04644,-0.24523,-0.10200,-0.20132,-0.08126,-0.10595,-0.14505,-0.28328,-0.06672,-0.24738,-0.21357,-0.10573,0.09764,0.01999,-0.05263,-0.22519,-0.22582,-0.04444,-0.15436,0.06757,0.00727,-0.27304,-0.25383,0.21833,-0.24030,-0.03386,-0.03135,0.08381,0.00106,-0.08185,-0.10601,-0.10014,-0.06862,-0.11204,-0.07939,-0.06388,-0.02574,-0.20123
-0.13541,-0.29810,-0.07074,-0.10575,-0.12323,-0.16474,-0.16141,-0.23165,-0.15390,-0.20409,-0.27424,-0.22776,0.06243,-0.29364,-0.08353,-0.04081,-0.10789,-0.22589,-0.19697,-0.00433,-0.08025,-0.21387,-0.22091,-0.12464,-0.07783,-0.10993,-0.35817,-0.13190,-0.37971,-0.15750,-0.15172,-0.25608,-0.41496,-0.24208,-0.11894,-0.17018,-0.34573,0.05575,-0.11406,-0.10770,-0.25938,-0.15897,-0.13378,0.10999,-0.15122,-0.08180,-0.01117,-0.07298,-0.26270,-0.31250,-0.04754,-0.10808,-0.25038,-0.10311,0.01051,0.04283,-0.03123,-0.13971,-0.21087,-0.02530,-0.25006,-0.12312,-0.17800,-0.00724,-0.14955,-0.01414,-0.05378,-0.34579,0.05883,-0.00144,-0.14253,-0.12328,-0.12872,-0.30705,-0.08393,0.00978,-0.29816,-0.16650,-0.14770,-0.07034,-0.16205,-0.19760,-0.34424,-0.28879,-0.27266,0.03285,0.01279,-0.30412,-0.19023,-0.20861,-0.23960,-0.18586,-0.09294,-0.14184,-0.10348,-0.09581,-0.22900,-0.38044,-0.09203,0.08682
0.05529,-0.12277,0.01268,-0.20983,-0.00310,0.05072,-0.28349,0.02898,-0.02403,-0.18518,-0.11849,-0.07643,0.07017,-0.14413,-0.09150,-0.08686,-0.05696,-0.27046,-0.12857,0.03591,-0.11592,-0.21460,-0.45108,-0.07411,-0.19354,-0.13416,-0.34137,-0.18659,-0.13559,-0.05377,0.12858,0.12348,-0.14011,0.03788,0.08078,-0.05032,-0.10807,-0.12611,-0.01482,-0.02623,-0.12197,-0.16233,-0.05843,0.00479,0.04611,-0.17485,-0.05541,0.07302,-0.04800,-0.14775,-0.01133,0.08876,-0.10145,-0.35876,-0.31819,-0.19509,-0.11627,-0.11223,-0.19218,-0.04646,-0.29738,-0.11915,0.00730,-0.07447,0.13590,-0.08228,-0.05248,0.04087,-0.08172,-0.22626,-0.07434,-0.19864,0.14429,-0.11082,-0.12460,-0.10213,-0.17061,-0.01323,-0.08147,-0.06480,-0.21189,-0.03899,-0.08990,-0.19024,-0.42083,-0.00176,-0.13843,-0.08023,0.03252,-0.08042,-0.19446,-0.33615,-0.38513,0.19741,-0.00370,-0.44208,-0.02869,0.02182,-0.04341,0.14754
-0.18271,-0.26751,-0.01135,-0.14073,0.02100,-0.21884,-0.16257,-0.09266,0.07489,-0.22681,-0.12338,-0.17237,-0.18511,-0.23917,-0.07350,0.06741,-0.35342,-0.18418,0.03734,-0.02549,-0.24403,-0.13894,-0.11244,0.00694,-0.09446,-0.21579,-0.16084,-0.06738,0.02772,-0.07872,0.01129,-0.12969,-0.05028,-0.08142,-0.22503,-0.02630,-0.04330,-0.01038,0.14398,-0.16798,-0.14152,-0.19302,-0.03532,-0.00423,0.12705,-0.18496,0.02608,0.10296,0.18930,-0.11202,-0.17173,0.03104,-0.34953,0.05973,-0.12785,-0.03822,0.06419,0.00279,-0.24810,0.02014,-0.09887,-0.13493,-0.11611,-0.03095,0.07007,-0.23131,-0.16785,0.06472,-0.23533,-0.07187,-0.22070,-0.08720,-0.03648,0.02964,-0.07289,-0.27602,-0.09173,-0.05041,-0.05986,-0.06669,-0.06509,-0.02706,-0.25505,-0.08165,-0.16349,0.04150,-0.11626,-0.01661,-0.21279,-0.04214,0.08119,-0.33687,-0.01849,-0.15184,-0.06580,0.00810,0.16459,-0.16925,-0.06109,0.02059
-0.08781,-0.03001,-0.45434,0.11791,-0.32272,-0.18102,-0.47613,-0.34035,-0.42962,-0.03056,0.13884,0.10770,-0.19777,-0.19197,-0.19328,-0.30927,-0.07203,0.31330,-0.31926,0.03848,-0.08469,-0.12763,-0.24265,0.06283,-0.01253,-0.00343,-0.07984,-0.16332,-0.02994,-0.27960,-0.16137,-0.02718,-0.05349,-0.03593,0.06721,0.02440,0.03370,-0.21115,-0.15894,-0.10856,-0.42637,-0.03180,-0.05020,-0.01734,-0.18856,-0.01314,-0.10462,-0.32498,0.04994,-0.25460,-0.05197,-0.16069,0.14266,-0.12313,-0.32959,-0.06166,0.24939,-0.04218,-0.03360,-0.16063,-0.31386,-0.08375,-0.21556,0.09710,-0.13946,-0.19685,0.07482,-0.06774,-0.00180,-0.03793,0.06775,-0.16957,0.02480,0.17205,-0.30947,0.00013,-0.09367,-0.10422,-0.04018,0.14465,0.15088,0.07484,-0.07068,0.05720,-0.19055,-0.21918,-0.32259,-0.24890,0.03735,-0.09518,-0.19401,0.11687,0.03930,-0.20541,-0.12873,-0.11577,-0.04224,-0.02461,-0.06266,-0.25264
-0.21577,-0.20143,-0.27539,-0.03004,0.01280,-0.09586,0.11916,-0.20557,0.13396,-0.19180,-0.14232,0.07379,-0.28130,-0.04750,-0.26706,0.03910,-0.03210,0.03491,0.11590,-0.04130,-0.16741,0.04871,0.01569,-0.00863,-0.06684,0.09415,-0.08215,0.22465,-0.16289,-0.11819,-0.21762,-0.40413,-0.00111,-0.06309,-0.06266,-0.08405,-0.04037,-0.15644,-0.10493,-0.04458,0.15598,0.00965,-0.02083,-0.14999,-0.03609,-0.00828,0.07073,-0.40075,-0.25794,-0.15262,-0.11947,-0.18128,-0.13053,0.11819,-0.17545,-0.03728,0.05529,-0.23577,0.03079,0.07212,-0.17966,-0.05937,-0.24070,-0.02092,0.21946,0.05942,-0.42016,-0.05244,0.12256,-0.07836,0.05236,0.13695,-0.11684,0.07466,-0.18366,0.03939,-0.11763,-0.17341,-0.10746,0.06109,-0.27750,0.02188,-0.35881,0.11868,-0.02584,-0.07881,-0.15745,-0.11675,0.09623,-0.31591,-0.23405,-0.12817,-0.11385,0.22129,-0.10766,0.05031,0.07684,-0.42118,0.04821,-0.00930
-0.13759,-0.06163,-0.05209,0.03599,-0.19513,-0.03759,-0.04382,0.17921,-0.02342,-0.21696,0.05770,-0.24473,-0.01252,-0.27239,-0.11945,-0.15320,-0.27877,-0.00281,0.03234,-0.08306,-0.10899,-0.11382,-0.20892,-0.06893,-0.04365,0.06277,-0.10132,0.00427,-0.14620,-0.04274,-0.08620,-0.08718,0.10164,-0.12517,0.08784,0.06463,0.05612,-0.08935,-0.01105,-0.23266,-0.06431,0.00844,-0.26044,0.08543,0.13638,-0.10811,-0.00475,0.08577,-0.14914,-0.24899,-0.14689,-0.15386,-0.09560,0.15427,-0.08060,-0.18540,0.01209,-0.10132,-0.13127,-0.09732,-0.18047,0.10980,-0.13241,-0.33549,-0.22859,-0.13775,-0.25920,-0.13475,0.00243,-0.05552,-0.26044,0.01962,-0.21922,-0.04826,-0.31744,-0.03577,-0.06569,-0.18861,-0.24204,-0.19898,-0.13906,-0.08813,-0.13438,-0.00553,-0.32075,-0.21203,0.06523,-0.13054,-0.08085,0.01619,-0.28903,-0.02071,-0.00055,-0.21010,0.04030,-0.29127,-0.03313,-0.06599,-0.01453,-0.19852
-0.17057,-0.27683,-0.13013,-0.17587,-0.19075,-0.18563,-0.11049,-0.16890,-0.27925,-0.09051,-0.15458,-0.23062,-0.01461,-0.36102,0.07796,-0.14926,-0.27908,-0.19212,-0.16920,-0.11777,-0.16923,-0.13950,-0.34998,0.01892,-0.18296,-0.26366,-0.30384,-0.09208,-0.29502,-0.06037,-0.15781,-0.04805,-0.22865,-0.07792,0.00205,-0.19395,-0.11461,-0.00315,0.13112,-0.26529,-0.30515,-0.14663,-0.23280,0.09730,-0.04115,0.03990,0.03443,-0.22532,-0.02937,-0.19464,-0.02286,-0.22447,0.04401,-0.03437,-0.31327,-0.21070,-0.19886,-0.12548,-0.30147,-0.21628,-0.49384,-0.01020,-0.15143,-0.09076,-0.11767,-0.02695,0.03987,-0.31966,-0.20509,-0.05036,0.02440,-0.27230,-0.01042,-0.12736,-0.20508,-0.11730,-0.30220,-0.05171,-0.34561,-0.10340,0.23175,-0.09888,-0.16020,-0.17702,-0.27296,-0.20023,-0.27432,-0.16029,-0.12200,-0.17611,0.00662,0.10282,-0.21027,-0.06589,-0.16211,0.04820,-0.23997,-0.02226,-0.02447,-0.07217
-0.19675,-0.09702,-0.00339,-0.05825,-0.00318,-0.04098,-0.16813,-0.04569,-0.11308,-0.16089,0.00311,0.22148,-0.00128,0.06844,0.03586,-0.09827,0.02311,0.25825,-0.09023,0.04258,-0.17786,-0.18644,-0.37323,0.15084,-0.19801,0.04595,-0.11489,0.05512,0.14212,-0.07844,0.09261,-0.12262,-0.03221,-0.02571,-0.02019,0.10838,-0.14150,-0.01354,-0.05614,-0.01068,-0.13172,0.04361,0.03803,0.00159,0.03013,-0.01941,-0.11002,-0.00233,-0.06599,-0.33205,-0.10951,0.10232,0.07383,0.19708,-0.21486,-0.30482,0.14083,0.09699,-0.01225,-0.08149,-0.08374,0.01963,-0.06920,0.04361,0.08720,-0.03675,0.03396,-0.18321,-0.20776,0.12530,0.01047,-0.25328,-0.04156,0.07396,-0.23604,0.06151,0.12479,-0.03642,0.01233,-0.03972,0.23211,0.19162,-0.12390,0.05434,-0.15781,-0.04647,-0.19432,-0.13729,-0.00493,-0.13399,-0.08850,0.16202,-0.14419,-0.04522,-0.01319,-0.16553,0.02939,0.06128,-0.07295,-0.31507
-0.29496,-0.24747,0.04893,-0.21637,-0.00257,-0.27876,-0.02040,-0.17988,0.17006,0.05266,-0.27652,-0.41496,-0.17777,0.11828,-0.06773,0.05124,-0.26336,-0.25169,0.16585,0.01778,-0.20715,-0.09609,0.01353,0.12871,-0.00615,-0.10118,0.11023,-0.12015,-0.20536,-0.15877,-0.15330,-0.30911,-0.09312,-0.15279,-0.08957,-0.11784,-0.25272,-0.04283,-0.08679,-0.07836,0.17633,-0.18694,-0.30942,-0.20840,-0.12580,-0.06348,-0.02463,-0.12310,-0.25331,0.11210,-0.19296,-0.23772,-0.43475,-0.06684,0.01916,0.17022,-0.05033,-0.27453,-0.04674,0.15271,0.09486,-0.21506,-0.11693,-0.18645,0.15588,-0.00351,-0.52246,-0.26029,-0.12269,-0.22395,-0.04736,0.00796,-0.07487,-0.07753,-0.35283,-0.25587,-0.26474,-0.21895,-0.10801,-0.21601,-0.40019,-0.10223,-0.20808,-0.12703,0.13992,0.02116,0.22233,0.06324,-0.20165,-0.11441,-0.25889,-0.28206,-0.22211,-0.08324,-0.20775,-0.07471,0.07401,-0.32153,0.02191,-0.15590
-0.25000,-0.19584,-0.92323,0.03044,-0.35442,-0.10144,-0.76609,-0.26765,-0.41219,-0.32655,0.25749,-0.07184,-0.03096,-0.42650,-0.34931,-0.39500,-0.37220,0.02937,-0.53309,-0.03107,-0.16570,-0.12786,-0.71256,0.26407,-0.26085,-0.03445,-0.58253,-0.05201,-0.18377,-0.15821,-0.66686,-0.06061,-0.28753,-0.02612,-0.22304,-0.21543,-0.13775,-0.17848,-0.46217,-0.24429,-0.65507,0.16677,-0.08152,-0.06747,-0.19960,0.04987,-0.23554,-0.45003,-0.20597,-0.64381,0.02398,-0.33449,-0.00829,0.05664,-0.61602,-0.24649,0.17996,-0.18890,-0.29984,-0.44271,-0.50598,-0.38224,-0.46203,-0.03172,-0.32161,-0.69304,-0.16975,-0.41479,-0.60405,-0.22046,-0.20732,-0.41090,-0.24627,0.19165,-0.04415,-0.36736,-0.31273,-0.20831,-0.26785,-0.14419,-0.06288,0.00931,-0.16518,-0.23952,-0.39847,-0.22048,-0.65362,-0.45919,0.18861,-0.24403,0.11054,0.22292,-0.06516,-0.29762,-0.23564,-0.26291,-0.43520,-0.22536,0.05033,-0.07867
0.04434,-0.24485,-0.03815,-0.05358,-0.14002,-0.05678,-0.26431,-0.03251,-0.33237,-0.05955,-0.22717,-0.05818,-0.04184,-0.13299,-0.07490,-0.09927,-0.10688,0.10120,-0.09688,-0.05476,-0.19101,-0.16153,-0.41975,-0.05799,-0.16300,-0.19913,-0.12686,-0.22074,-0.18688,-0.10837,-0.06714,-0.05737,-0.21180,0.00277,-0.10671,-0.09833,-0.11552,-0.00084,-0.01587,-0.07016,-0.05965,-0.09120,-0.10489,-0.03310,-0.15998,-0.06035,-0.09296,-0.33079,-0.17072,-0.50955,-0.16189,0.05811,-0.15502,-0.01180,-0.05183,-0.17376,0.00470,-0.20406,-0.15620,-0.14086,-0.36535,-0.18244,-0.12984,-0.12488,-0.14164,-0.20260,-0.03493,-0.27055,-0.26365,-0.14055,-0.17023,-0.07672,-0.15023,0.02323,-0.05455,-0.23522,0.07307,-0.12827,-0.13176,-0.25498,-0.05644,-0.20564,-0.18518,-0.18056,-0.37789,-0.16401,-0.27577,-0.13285,-0.04502,-0.07997,-0.10744,-0.13866,-0.26191,-0.13190,-0.21428,-0.21549,0.00359,-0.00479,-0.09984,-0.00759
0.46307,-0.05851,0.45379,-0.23963,0.24074,0.15964,0.31880,0.03257,-0.03896,-0.09561,-0.52441,-0.89949,0.51712,-0.29447,-0.33860,0.34817,-0.07764,-0.47591,0.17062,0.10415,0.26205,0.49987,-0.76921,-0.59340,-0.39700,-0.31964,-0.91548,-0.69252,-0.44523,0.11051,0.20152,0.99561,-0.63032,-0.13057,-0.29389,-0.34819,0.00167,-0.04930,0.19072,-0.40510,0.11510,-0.23526,-0.07074,-0.24808,-0.47679,-0.39908,0.00577,0.38144,0.13325,-0.38127,0.08317,0.71634,0.17750,-0.42303,0.28517,0.40519,-0.52825,0.14884,-0.41929,-0.08499,-0.36320,-0.35482,0.13263,-0.35446,0.14352,0.15506,0.10808,0.05516,-0.36240,-0.12039,-0.29450,-0.11046,-0.08814,-0.77876,0.50601,-0.19664,-0.61124,0.38251,-0.31389,-0.62063,0.28510,-0.37337,-0.04229,-0.21995,-1.12163,-0.02471,0.14218,0.37548,-0.36073,0.10343,0.39077,-1.11369,-0.79769,0.02473,-0.02588,-0.19864,-0.01844,0.46180,0.04380,0.49191
-0.20244,-0.18509,-0.05928,-0.18502,-0.07522,-0.05622,-0.11525,-0.16202,-0.14441,-0.03114,-0.08620,-0.32293,-0.11900,-0.01897,-0.07430,-0.09508,-0.19180,-0.40438,0.18421,-0.11866,-0.10558,-0.09890,-0.10231,-0.06620,-0.22207,-0.19118,-0.05133,-0.06205,-0.16836,-0.11976,-0.01087,-0.01869,-0.07758,-0.24969,-0.08832,0.03002,-0.17593,-0.06568,0.15134,0.00007,0.14045,-0.12913,-0.08895,0.01457,-0.30685,-0.04609,0.07202,-0.08934,-0.32375,-0.07128,-0.01914,-0.15808,-0.15851,-0.20200,-0.06443,-0.01445,-0.15621,-0.16795,0.14017,-0.05945,-0.12408,-0.06499,-0.09972,-0.16329,0.00335,0.06711,-0.35866,-0.14612,-0.05001,-0.32392,-0.18893,0.05653,-0.12832,-0.01558,-0.25063,-0.29879,-0.17623,-0.21803,-0.21991,-0.17437,-0.27312,-0.10084,-0.10719,0.02921,-0.20239,-0.07416,-0.13552,-0.02064,-0.30340,-0.19685,-0.14704,-0.23001,-0.26050,-0.23330,-0.01521,-0.13332,-0.28709,-0.27975,-0.07037,0.05107
0.26474,-0.13240,-0.27338,-0.24927,0.16607,0.35826,-0.70141,-0.34569,-0.26243,-0.28039,0.09527,-0.34510,0.48763,-0.65501,-0.14334,0.38957,0.07163,0.00850,-0.57286,0.55121,0.30944,0.61742,-0.90984,-0.06850,-0.59187,-0.35372,-1.03625,-0.34429,-0.23171,0.30888,-0.33867,0.64413,-0.37487,-0.29969,-0.23926,-0.14360,0.29358,0.21643,-0.07941,-0.28834,-0.62971,-0.07728,-0.06962,-0.18803,-0.49254,0.07138,-0.29430,-0.15325,-0.09091,-0.76166,0.29806,0.34072,0.72110,-0.19621,-0.41458,0.48760,-0.22858,-0.09979,-0.36226,-0.55550,-0.55636,-0.27957,-0.20329,-0.11415,-0.57732,-0.47105,0.11065,-0.22947,-0.53863,0.09345,-0.24877,0.04171,-0.47237,-0.57722,0.45566,-0.10969,-0.55001,0.20537,0.05791,-0.23532,-0.05361,-0.47912,-0.02919,-0.04074,-0.83631,-0.05495,-0.53930,0.17928,-0.17573,0.05981,0.22066,-0.38770,-0.19636,-0.05200,-0.24105,-0.30840,-0.13987,0.03286,0.18724,0.46647
-0.10478,-0.13825,1.25633,-0.37380,0.32879,0.07223,0.78929,0.07620,0.19906,0.01416,-0.82102,-1.06220,0.07437,0.53721,-0.14308,0.26815,-0.13169,-1.25866,0.90331,-0.36554,-0.30822,0.21942,0.25148,-0.25288,-0.09814,-0.56271,-0.30926,-0.63713,-0.69019,-0.03455,1.17922,0.36834,-0.56063,0.01750,-0.16872,-0.30454,-0.66776,-0.16699,0.41154,-0.05349,0.77258,-0.54546,-0.49790,-0.17078,-0.50744,-0.36519,0.06226,0.54555,-0.53732,0.83024,-0.37914,0.32906,-0.94902,-0.62606,0.50452,0.15246,-0.56809,-0.07400,0.24707,0.67552,-0.04498,0.21150,0.52748,-0.32682,0.66738,0.70781,-0.65938,0.28178,0.23902,-0.33688,0.11670,-0.17026,-0.18929,-0.99492,-0.11452,-0.02904,-0.70295,-0.00318,-0.16477,-0.67771,-0.36652,-0.51959,-0.12324,-0.16522,-1.18780,0.21464,0.38156,0.45813,-0.56770,-0.19783,-0.21571,-1.53335,-0.99701,0.47339,-0.12867,0.01852,0.08223,-0.47259,-0.15776,-0.04391
-0.21087,-0.14095,0.06004,-0.19852,-0.16562,-0.07830,-0.17672,0.04730,0.08602,-0.10795,-0.11907,-0.27504,-0.30764,0.17550,-0.18274,-0.00374,-0.14671,-0.21804,0.15286,0.08416,-0.04438,-0.06188,0.13023,-0.07123,-0.23925,0.00170,0.01611,-0.02074,-0.18601,0.11135,0.04497,-0.14011,0.00478,-0.14826,-0.04040,-0.18155,-0.10959,-0.12940,-0.01645,0.04225,0.27461,-0.21368,-0.28244,-0.05445,-0.04054,0.04781,-0.04109,-0.17756,-0.19308,-0.01586,-0.30924,-0.14234,-0.24353,-0.14505,-0.20684,-0.03497,-0.28624,-0.10922,-0.05040,0.15649,-0.18000,-0.04507,0.15581,-0.13812,0.27575,0.09354,-0.46925,-0.05555,0.01680,-0.28123,-0.03672,0.01774,-0.16855,-0.07951,-0.32671,-0.11038,-0.13607,-0.10672,-0.14843,-0.14783,-0.26209,-0.03741,-0.49297,-0.09079,-0.28003,-0.07604,0.20397,-0.01153,-0.11517,-0.15345,-0.31753,-0.30706,-0.06351,0.11231,-0.11191,-0.00566,0.08667,-0.37690,0.06107,-0.05124
0.02201,-0.16369,0.10714,-0.09704,0.08572,-0.06715,-0.12407,0.00992,-0.25525,-0.13625,-0.03001,-0.15730,-0.09902,-0.09056,-0.13790,-0.12211,-0.14064,0.04024,-0.25173,-0.01475,-0.01481,0.12518,-0.38557,-0.19279,-0.23265,-0.20505,-0.30046,0.03096,-0.22500,-0.13161,-0.15466,0.02542,-0.25285,-0.10217,-0.16512,-0.07650,-0.14327,-0.19932,-0.10090,-0.20928,-0.20112,-0.11250,-0.16393,-0.11655,-0.02956,0.00149,-0.27677,-0.06777,-0.03192,-0.37683,-0.07386,-0.09799,-0.08990,-0.21588,-0.17168,-0.06631,-0.12465,0.03582,-0.11842,-0.06958,-0.47156,-0.05196,-0.11278,-0.03452,-0.16617,-0.05632,0.03678,-0.24472,-0.31621,-0.13487,-0.14166,-0.13683,-0.06839,0.00726,0.06783,-0.01966,-0.39659,-0.16122,0.02161,-0.02408,0.04403,-0.20265,-0.11863,-0.28719,-0.45872,0.06334,-0.17365,-0.10672,0.01161,-0.13715,-0.06172,-0.20035,-0.26648,0.02854,-0.05015,-0.27250,-0.11991,-0.02207,-0.18263,-0.18123
-0.17257,-0.16090,-0.09940,-0.05610,-0.19759,-0.21118,-0.24720,-0.18480,0.07402,-0.18890,0.06990,-0.01081,0.02928,0.03632,0.06645,-0.22608,0.00791,0.01778,-0.02380,-0.07429,-0.03322,-0.19381,-0.34392,0.09024,-0.26813,-0.11320,-0.16924,-0.11032,-0.04834,-0.12631,-0.16737,-0.05942,0.00357,-0.21427,0.06954,-0.12649,-0.12739,-0.13576,-0.05684,0.08851,-0.06136,-0.21554,-0.08765,-0.08265,0.05682,-0.06451,-0.04204,-0.07876,-0.07485,-0.15882,0.04605,-0.03632,0.00064,-0.02214,-0.01665,-0.27005,0.02466,-0.01449,-0.12838,-0.10529,-0.10915,-0.04300,-0.05219,0.08540,0.00396,-0.17433,0.11558,0.02446,-0.23002,-0.03922,-0.00914,-0.18930,-0.08382,0.07495,-0.17923,-0.25406,-0.00879,-0.12268,0.02879,-0.02590,0.05161,0.01219,-0.18173,-0.17570,-0.43945,-0.15885,-0.09952,0.01029,-0.03304,-0.18766,0.03481,-0.01725,-0.22106,-0.08765,-0.03959,-0.14343,-0.01101,-0.00088,0.13659,-0.14452
0.02402,-0.12635,-0.10887,0.09671,-0.15646,-0.11595,-0.16854,-0.34047,-0.19327,-0.43805,0.04481,-0.33101,-0.01862,-0.24707,-0.13130,-0.24586,-0.24352,-0.03298,-0.13675,-0.11506,0.10259,0.14345,-0.40874,-0.02991,-0.31782,0.01213,-0.29832,-0.14030,-0.26869,-0.17701,-0.12950,-0.11084,-0.02384,0.00856,0.07820,-0.31187,-0.21775,-0.20023,0.14017,-0.36967,-0.32756,-0.06683,-0.23866,-0.14841,-0.22763,-0.01190,-0.21468,0.13311,0.00126,-0.45760,0.04075,0.13327,0.00907,-0.16889,-0.27671,-0.10378,-0.17894,-0.16250,-0.01634,-0.38395,0.01504,0.05494,0.02682,-0.08363,-0.03598,-0.27702,-0.05031,-0.19601,-0.29518,-0.05102,-0.21825,-0.05954,0.06918,-0.13580,-0.05783,-0.11696,-0.13563,-0.16082,-0.23319,-0.16724,-0.06435,-0.24133,0.21984,-0.29778,-0.36604,-0.09482,-0.27757,-0.16434,0.07074,-0.00991,0.03407,-0.41285,-0.40917,-0.09993,-0.08605,-0.09655,0.00820,-0.12967,0.01931,-0.09030
-0.19841,-0.04733,-0.03885,0.11895,-0.02652,-0.14780,-0.10813,-0.03086,-0.10105,-0.23000,-0.04904,-0.15994,-0.16892,-0.23677,-0.01949,-0.24398,0.00300,0.10453,-0.31644,-0.11981,-0.13258,-0.03900,-0.25376,-0.08074,-0.06861,-0.18884,-0.22617,-0.30503,-0.05435,-0.25654,-0.06694,-0.17773,0.02623,-0.14212,-0.24237,-0.07020,-0.24409,-0.02700,0.01467,-0.11780,-0.18439,-0.08394,-0.10502,-0.15828,-0.14308,0.02090,-0.23322,-0.12641,-0.35722,-0.17841,-0.14359,-0.11657,-0.00726,0.03867,-0.28590,-0.22247,0.14165,-0.09937,-0.12871,-0.16074,-0.25149,0.00580,0.16304,0.01198,-0.12064,-0.20827,-0.04203,-0.27933,-0.29849,0.02961,-0.08959,-0.08745,0.06417,-0.14681,-0.18797,-0.07355,-0.38940,-0.18299,-0.13163,-0.00317,0.15511,-0.16293,-0.04494,-0.27639,-0.07826,-0.11903,-0.37227,-0.18129,0.11258,-0.34908,-0.17849,-0.10637,-0.15976,-0.05661,-0.10007,0.00357,-0.19652,-0.11803,-0.13943,-0.02068
-0.70343,-0.05464,-0.48947,0.50271,-0.29850,-1.00903,-0.86585,-0.06536,0.18180,-0.13408,0.77419,0.52859,-1.05464,0.78441,0.25662,-0.69332,-0.44522,0.70661,0.40683,-0.18534,-0.33904,-0.52143,0.48742,0.43811,0.33094,0.47891,0.69722,0.70797,0.47654,-0.29327,-0.25423,-0.86554,0.74054,-0.00450,0.37636,0.43154,-0.06599,-0.26236,-0.06800,0.35393,0.01018,0.42357,-0.43874,0.09879,0.66857,0.22726,0.28525,-0.53699,-0.29489,-0.15837,-0.21004,-0.83084,-0.17926,0.65696,-0.46958,-0.61334,0.61477,-0.29292,0.31186,0.28904,0.03087,0.24534,-0.30587,0.26970,0.43025,-0.20318,-0.84099,-0.03929,0.64884,-0.17545,0.51438,-0.54484,-0.00083,0.87893,-0.73690,0.14865,0.59262,-0.21013,-0.17333,0.68434,-0.38965,0.66348,-0.03117,0.30989,0.21687,0.00749,-0.05490,-0.58438,0.53932,-0.20812,-0.92825,1.00517,0.31696,-0.15794,0.02728,-0.05452,-0.02828,-0.59844,0.15003,-0.65388
-0.04356,-0.28044,0.03382,-0.11067,-0.11161,-0.13898,-0.14110,-0.18569,-0.14846,-0.20865,-0.17276,-0.31311,0.11907,-0.16412,-0.06096,0.01267,-0.17105,-0.02894,-0.19803,0.01047,-0.05200,0.16301,-0.36959,-0.01184,-0.15103,-0.15259,-0.33862,-0.02425,-0.12949,-0.30770,-0.04532,0.08121,-0.21266,-0.15973,-0.15968,-0.04560,-0.20080,-0.13236,-0.11520,-0.08304,-0.14859,-0.24725,-0.13673,-0.19408,-0.10194,-0.21825,-0.13110,0.03038,-0.24327,-0.46417,-0.10702,0.17513,-0.16092,-0.18572,-0.28183,0.02432,-0.10078,-0.09887,-0.12071,-0.08619,-0.30873,0.00686,-0.07375,-0.07118,-0.28568,0.00581,-0.17910,-0.22790,-0.24706,-0.06934,0.05119,-0.31977,-0.03747,-0.40877,-0.14093,-0.22592,-0.18990,-0.09019,-0.02380,-0.19781,-0.16842,-0.09759,0.02275,-0.28933,-0.46673,-0.00424,-0.18042,-0.05978,-0.12634,-0.05624,-0.02725,-0.44427,-0.36761,-0.16056,-0.10830,-0.21598,-0.19077,-0.09851,-0.03250,0.06096
-0.31154,-0.12761,-0.14220,-0.13609,0.00969,-0.18380,-0.21227,-0.19484,0.09213,-0.05166,0.03965,0.01113,-0.20941,0.09076,-0.01279,0.03741,-0.19666,-0.06065,0.13754,-0.25171,-0.52262,-0.32227,0.01675,0.13732,-0.02499,0.01595,0.05103,-0.03165,-0.12851,-0.08511,-0.15152,-0.33903,-0.04137,-0.40378,0.00305,-0.15087,-0.20125,0.33376,0.01734,-0.04048,0.16153,-0.12609,-0.10690,-0.04252,-0.11769,-0.19160,-0.04370,-0.09540,-0.46978,0.17449,-0.00785,-0.26629,-0.13388,-0.04611,0.14758,-0.10119,-0.10208,-0.24190,0.14447,0.14226,-0.11571,-0.02673,-0.12981,-0.13597,0.20465,0.00211,-0.51796,-0.02697,0.17236,-0.28279,-0.07530,-0.09949,-0.08700,-0.04294,-0.09969,-0.09118,-0.01124,-0.16927,-0.12623,-0.19681,-0.24502,0.10067,-0.31979,0.00625,0.04197,0.05661,0.11425,0.05354,-0.05850,-0.14746,-0.43488,-0.23268,-0.06840,-0.03827,0.09704,-0.01341,-0.18733,-0.43820,0.11787,-0.07397
0.06011,-0.14858,-0.02784,-0.10523,-0.04895,-0.28671,-0.24282,-0.15091,-0.22623,-0.16090,-0.00152,-0.10214,-0.16551,-0.01772,0.13898,0.05450,-0.09326,-0.22954,-0.03547,0.02423,-0.06899,-0.20708,-0.12926,0.11536,-0.05072,0.14482,-0.09139,0.06457,0.03214,-0.11740,-0.03149,-0.08770,-0.05708,-0.11729,-0.13981,-0.02971,-0.26737,-0.17003,-0.13172,-0.00997,0.06597,-0.21490,-0.06874,-0.07357,-0.18695,-0.20278,-0.01744,-0.22292,-0.11942,-0.19169,-0.17993,-0.14268,-0.33659,0.13550,-0.34428,-0.06552,-0.00781,-0.05448,-0.07934,0.00622,-0.13806,-0.09812,-0.11431,0.06400,0.10306,-0.07345,-0.28098,-0.04874,-0.10464,-0.08840,-0.09801,-0.01237,-0.05391,-0.06691,-0.19987,-0.13510,-0.03241,-0.02282,-0.26351,-0.16306,-0.03536,0.01700,-0.22925,-0.12063,-0.19820,-0.14017,-0.18722,0.08880,-0.14309,-0.15848,-0.07799,-0.21107,-0.12620,-0.12341,-0.16283,-0.09511,-0.16147,-0.07075,0.01543,-0.01241
-0.18406,-0.09668,-0.22152,-0.02616,-0.23059,-0.08605,-0.22449,-0.18075,-0.20991,-0.40672,-0.00550,-0.09815,-0.05764,-0.33926,-0.21160,-0.22108,-0.30712,0.10372,-0.07323,-0.10537,0.10693,-0.40697,-0.43799,0.01579,-0.02111,-0.04392,-0.19667,-0.07698,-0.22550,-0.13898,-0.19228,-0.17140,-0.04018,-0.14874,0.00833,-0.21980,-0.14845,-0.18150,-0.44981,-0.12706,-0.28774,-0.19844,-0.17247,-0.02700,-0.16835,-0.13304,-0.27991,-0.13225,-0.06257,-0.09892,-0.08629,-0.08220,0.06485,-0.13637,-0.15461,-0.18791,-0.03501,-0.20812,0.01337,-0.10709,-0.38036,-0.05726,0.09298,-0.07587,-0.18149,-0.27720,-0.04904,-0.21780,-0.10994,-0.30325,-0.02706,-0.11338,0.06842,-0.14238,0.06334,-0.19392,-0.08203,-0.15005,-0.19187,-0.21577,-0.26012,-0.13434,0.14555,-0.17029,-0.10876,-0.28929,-0.36246,-0.19383,0.02296,-0.07785,-0.28213,-0.04550,-0.16241,-0.01705,-0.07738,-0.25948,-0.03515,0.11292,-0.28676,-0.05627
-0.18383,-0.24272,0.09190,0.04123,0.15063,-0.23485,-0.19532,-0.07473,-0.16727,-0.33360,-0.34497,-0.18832,0.19114,-0.27094,-0.17571,-0.21793,-0.11896,-0.27899,-0.10742,0.10152,-0.07560,-0.07289,-0.68720,-0.01168,-0.25622,-0.40011,-0.62689,-0.33212,-0.09064,-0.00543,0.04429,0.32406,-0.35175,-0.07821,-0.31567,-0.32955,-0.16461,-0.04740,-0.00886,-0.29373,-0.19394,-0.22519,0.00788,-0.05195,-0.17541,-0.16199,-0.17182,0.06358,-0.29550,-0.12552,-0.24726,0.14062,-0.11335,-0.24128,-0.40050,-0.02122,-0.30954,-0.08365,-0.23550,-0.28413,-0.37488,-0.07717,0.09384,-0.23823,-0.08840,-0.19737,0.07803,-0.20714,-0.23783,0.03909,-0.14281,-0.27626,-0.17196,-0.24426,0.13984,-0.17328,-0.32983,-0.00373,-0.36063,-0.07337,-0.03861,-0.13669,0.09534,-0.31623,-0.70119,-0.05013,-0.17035,-0.12864,-0.14684,0.07479,0.14614,-0.58953,-0.42862,0.15452,0.00456,-0.12813,-0.02306,-0.00192,-0.12271,-0.19679
0.20046,0.04180,0.63320,-0.35965,0.04223,0.33987,0.22753,0.07337,-0.05011,-0.12330,-0.73078,-0.78448,0.09992,-0.08172,-0.22208,-0.09887,-0.22361,-0.55250,0.05856,-0.20965,0.17629,0.12612,-0.63405,-0.29871,-0.35160,-0.22383,-0.83178,-0.25816,-0.37823,0.04044,0.41338,0.46422,-0.34764,0.12644,-0.14934,-0.29788,-0.38800,-0.09938,0.13398,-0.19262,0.22898,-0.18724,-0.16883,-0.11759,-0.22569,-0.30210,-0.07198,0.42607,0.11344,-0.06509,-0.12498,0.41248,-0.43420,-0.36441,-0.03435,-0.01409,-0.29331,-0.00914,-0.01545,0.23597,-0.37338,0.09208,0.44039,-0.24712,0.04939,0.28072,-0.06498,0.18646,-0.46349,-0.01386,-0.17075,-0.28942,0.04583,-0.38600,0.01731,-0.10473,-0.35488,0.20740,-0.15885,-0.30598,0.36162,-0.18051,0.12123,-0.38711,-1.21284,0.01514,0.11926,0.24033,-0.25218,-0.07848,0.38764,-0.92101,-0.75946,0.19055,0.01333,-0.06318,0.04379,0.47222,-0.29920,0.16714
-0.16081,-0.11176,-0.08251,-0.21223,0.04908,-0.14371,-0.15039,-0.02864,-0.19598,-0.15443,-0.22752,-0.14094,-0.06628,-0.11712,-0.20228,-0.09745,-0.06045,-0.19334,-0.14562,-0.13275,-0.17217,-0.08955,-0.38632,-0.11971,-0.21320,-0.13629,-0.18858,-0.12823,-0.08242,-0.14161,-0.14180,-0.02180,-0.06525,-0.01174,-0.14360,0.00475,-0.21064,-0.13859,0.02269,-0.13516,-0.10392,-0.29870,-0.17051,-0.10144,-0.02726,-0.05981,-0.11063,-0.04999,0.02771,-0.22423,-0.27637,-0.08343,-0.10062,-0.09519,-0.19000,-0.08284,-0.04324,-0.16123,-0.13403,-0.09706,-0.23570,0.09019,0.10044,-0.09211,-0.23406,-0.08373,-0.14934,-0.05805,-0.19484,0.00234,-0.03486,-0.21726,-0.13638,-0.21064,-0.17786,-0.18819,0.09942,0.04806,-0.31168,0.02291,-0.02820,-0.07567,-0.02894,-0.15111,-0.41882,0.09282,-0.28322,0.01415,0.08374,-0.03479,-0.14058,-0.33509,-0.18726,0.00250,0.06204,-0.28888,-0.05354,-0.16124,0.01773,-0.19722
-0.11746,-0.18490,-0.18495,-0.05380,-0.03145,-0.12060,-0.26497,-0.24882,-0.02756,-0.13348,0.02843,0.06130,-0.06369,-0.28307,-0.12825,-0.08850,-0.20388,0.00539,-0.06679,-0.14344,-0.02712,-0.17226,-0.33480,-0.06196,-0.07240,0.06418,-0.25953,-0.23641,0.02158,-0.33838,-0.21451,-0.24620,-0.16246,-0.27153,0.03049,-0.15368,-0.14388,-0.02191,-0.05970,-0.03187,-0.22571,0.16703,-0.23014,-0.14566,-0.19956,-0.16440,0.01433,-0.17586,0.09386,-0.40451,-0.30506,-0.24676,-0.03590,-0.10607,-0.17277,-0.18520,-0.11540,0.05184,-0.08281,-0.09048,-0.32921,-0.09226,-0.17015,0.05155,-0.27997,-0.34641,0.08547,-0.17929,-0.20505,-0.18202,0.00964,-0.24209,-0.11228,0.00352,-0.34976,-0.25444,-0.00932,-0.18129,-0.22436,-0.08626,-0.04492,0.04047,-0.08801,-0.29394,-0.33453,0.01671,-0.26462,-0.20638,0.01592,-0.22126,-0.04301,0.05451,-0.01204,-0.18230,-0.09734,0.05062,-0.11593,0.01223,-0.09648,0.00331
0.01588,-0.29060,-0.03471,-0.00022,-0.02742,-0.13109,-0.10728,-0.05428,0.04096,-0.19446,-0.24818,-0.34221,0.00118,-0.20129,-0.26285,-0.12886,-0.19708,-0.01124,-0.01760,-0.23456,0.05443,0.06263,-0.31564,-0.03174,-0.16403,-0.25074,-0.28989,-0.04189,-0.05378,-0.27977,-0.00804,-0.10689,-0.20918,-0.28626,-0.22497,-0.31183,-0.18003,-0.08409,-0.20034,-0.08623,-0.08996,-0.00129,0.04292,0.08476,-0.13043,-0.16435,-0.13211,-0.06043,-0.02602,-0.19570,0.23097,0.09425,-0.08205,-0.18587,-0.21722,-0.21342,0.00792,-0.06364,-0.21803,-0.21270,-0.39001,-0.19228,-0.11611,0.01750,-0.26756,-0.10041,0.01573,-0.19352,-0.27793,-0.20253,-0.14953,-0.28367,-0.19917,-0.24193,-0.13489,-0.04997,-0.02638,-0.15065,-0.13813,-0.02956,-0.05398,-0.23243,-0.08028,-0.22612,-0.24829,0.11718,-0.25227,-0.02186,-0.18065,-0.03962,-0.07057,-0.18930,-0.15266,-0.13219,-0.15624,-0.12272,0.02133,-0.10678,0.18334,-0.12917
-0.23851,-0.19429,-0.15192,-0.18048,-0.10860,-0.13154,0.21208,-0.15653,0.17546,-0.21824,-0.15361,-0.16521,-0.27491,0.18425,-0.31056,-0.11160,-0.18344,-0.14303,0.12702,-0.08264,-0.30978,-0.28310,0.21294,-0.22055,0.05685,0.12597,0.16144,-0.02110,-0.33050,-0.07784,0.01467,-0.46177,0.09611,-0.19494,-0.01645,-0.18321,-0.28620,-0.10096,-0.03697,0.00234,0.22147,-0.10142,-0.47452,-0.11579,-0.01817,-0.36936,-0.08647,-0.13382,-0.32000,0.25240,-0.19947,-0.16539,-0.41142,0.19253,0.02164,-0.15511,-0.05808,-0.16455,0.16101,0.15330,-0.10793,-0.22274,-0.19001,-0.25753,-0.00510,-0.04173,-0.48151,0.04508,0.04254,-0.09463,-0.00942,-0.23405,-0.18834,-0.24194,-0.18546,-0.13864,-0.20866,-0.17958,-0.12770,-0.12847,-0.43864,-0.09527,-0.19176,0.17556,0.01743,-0.04164,0.10815,-0.06720,-0.08048,-0.32589,-0.44999,-0.41646,-0.26379,0.05568,-0.16701,-0.04463,-0.15743,-0.34668,-0.08817,-0.20639
-0.14536,-0.17665,-0.16448,-0.07661,-0.12709,-0.08247,0.06099,0.02623,0.02348,-0.24780,-0.17039,-0.25164,-0.22427,0.08487,-0.10062,0.12843,-0.10399,-0.19492,0.15383,-0.12000,-0.18522,-0.14176,0.04946,0.14363,0.03502,-0.12118,-0.01097,-0.15813,-0.05740,-0.28906,0.07116,-0.23962,0.07730,-0.29351,-0.19982,-0.11241,-0.19173,-0.14432,0.18575,-0.01459,0.05553,-0.02534,-0.33595,-0.19840,-0.05540,-0.10687,-0.05829,0.00360,-0.32966,0.25542,-0.03855,-0.27045,-0.26964,-0.05853,-0.10280,-0.09482,-0.08721,-0.26104,-0.12417,0.07504,0.08187,0.11149,0.12220,-0.23803,0.07691,0.27800,-0.49867,-0.00686,0.21710,-0.15243,-0.11731,-0.08563,-0.27165,-0.12935,-0.15525,-0.13493,0.05475,-0.04787,-0.03936,-0.00398,-0.21422,-0.19249,-0.36269,-0.11684,-0.23296,-0.06992,-0.00406,0.04588,-0.09986,-0.14708,-0.13061,-0.37199,-0.16773,-0.05292,-0.27139,-0.02230,-0.15812,-0.38372,-0.07872,0.06016
0.14887,-0.25494,0.17292,-0.03579,-0.04526,-0.03749,-0.28109,-0.10733,-0.23175,-0.18395,-0.38249,-0.27496,-0.06908,-0.19604,-0.14667,-0.43994,-0.20469,-0.12497,-0.03960,-0.18922,-0.04976,-0.09192,-0.32349,-0.19324,-0.23970,-0.05946,-0.28032,-0.22004,-0.08664,-0.11162,-0.01264,-0.04708,-0.34511,-0.27763,-0.19799,-0.16076,-0.22344,-0.02352,-0.20151,-0.01678,-0.12510,-0.04686,-0.16371,-0.08574,-0.19141,-0.28379,-0.01221,0.00514,-0.06846,-0.19679,0.00466,0.04429,-0.09492,-0.25048,-0.27329,-0.01529,0.03487,-0.06392,-0.14825,-0.01741,-0.31056,0.04443,0.04441,-0.16544,-0.32988,-0.13489,-0.06399,-0.12467,-0.23607,-0.07619,-0.27742,-0.03433,-0.22384,-0.14368,0.05411,-0.11119,-0.28913,-0.07495,-0.05959,-0.10701,-0.07350,-0.36183,0.03693,-0.26455,-0.37946,-0.18205,-0.10304,-0.11662,-0.04313,0.04676,-0.08320,-0.41643,-0.24277,-0.09628,-0.13257,-0.02965,0.09647,0.06574,-0.09222,-0.07408
-0.24979,-0.16042,-0.13310,-0.01740,-0.18538,-0.19940,-0.34713,-0.27861,-0.17008,-0.19442,-0.25728,-0.15669,-0.21354,-0.12283,-0.10521,-0.13359,-0.04978,0.06269,-0.25643,-0.10477,-0.13353,-0.26264,-0.25267,0.02000,-0.00149,-0.24712,-0.36325,-0.09138,-0.25820,-0.18507,0.02018,-0.00751,-0.19286,-0.25067,-0.09644,-0.08631,-0.18566,-0.13235,-0.12211,-0.16904,-0.08255,-0.15269,-0.10300,-0.26211,-0.21888,-0.06713,-0.11258,-0.11458,-0.13017,-0.27087,-0.03097,-0.05352,0.06260,-0.21341,-0.35678,-0.09919,0.00732,-0.03127,-0.12586,-0.24658,-0.24533,-0.02316,-0.13954,-0.00059,-0.13650,-0.19868,-0.10206,-0.26423,-0.14138,-0.16539,-0.35975,-0.25065,-0.06401,-0.05319,-0.03645,-0.01555,-0.07301,-0.08417,-0.25110,-0.16661,-0.13349,0.02845,-0.03519,-0.02796,-0.19530,-0.05632,-0.22273,-0.17839,0.00107,-0.06925,-0.08819,-0.31252,-0.13374,-0.09512,-0.23173,-0.31505,-0.09035,-0.13399,-0.02590,0.06109
-0.13336,0.01277,0.01737,0.05288,-0.05528,0.11309,-0.08713,-0.15773,-0.17669,-0.03741,0.00418,-0.26111,-0.31370,0.07093,-0.11084,-0.09850,0.02690,0.06805,-0.22723,-0.02223,-0.07649,-0.11570,-0.05209,-0.00817,-0.04630,0.03586,-0.03124,-0.15434,-0.02312,-0.21316,0.07511,-0.14810,-0.18402,-0.23084,0.04545,-0.08500,-0.01630,-0.11642,-0.02018,-0.11772,-0.00054,-0.01842,-0.23380,0.11731,-0.12335,-0.00352,-0.10344,-0.06431,0.00044,-0.09903,-0.12731,-0.13723,-0.27253,0.00858,-0.11368,-0.25698,-0.11288,-0.18477,-0.29536,-0.08613,-0.18889,0.02302,-0.19546,-0.12788,0.02022,-0.22939,0.02669,-0.15186,-0.04591,0.05909,-0.09397,-0.26175,-0.01803,-0.06777,-0.14649,-0.18702,-0.12304,-0.22601,-0.20349,-0.12913,-0.02268,-0.08407,-0.14877,-0.19295,-0.25445,-0.04614,0.00751,-0.06501,-0.09958,-0.15025,-0.30896,-0.16608,-0.27576,-0.15601,-0.17216,-0.15495,0.00101,-0.09598,-0.09346,-0.08651
0.00366,-0.33204,-0.37518,0.05355,-0.08889,-0.32205,-0.30902,-0.06090,-0.03742,-0.02139,0.20416,0.00344,-0.09272,0.17159,0.02994,-0.23958,-0.14759,0.21742,-0.00620,-0.00376,-0.08026,-0.30427,-0.36397,0.07551,0.13596,-0.08066,0.08948,-0.00839,-0.13523,0.06990,-0.11345,-0.12812,-0.09899,-0.11261,0.14364,-0.14237,-0.09667,-0.05946,-0.19764,-0.06920,-0.08502,0.09630,-0.16469,-0.21248,-0.04459,0.09908,-0.06506,-0.18686,-0.23195,-0.08941,-0.10169,-0.15042,0.01881,0.12519,-0.18280,0.04898,0.10942,-0.10038,-0.05551,-0.11220,-0.11345,0.02706,0.04076,0.02267,-0.11285,-0.02453,-0.08881,-0.07335,0.07482,-0.03148,-0.15890,-0.03566,-0.18540,-0.04180,-0.00427,-0.04899,-0.18400,-0.00305,-0.42319,0.04917,-0.05669,0.00339,-0.05309,0.13070,-0.15675,-0.08873,-0.25536,-0.10079,0.17666,-0.01124,-0.16375,0.11718,-0.01219,-0.15709,0.04939,-0.08725,-0.05141,-0.12297,0.04962,-0.14868
-0.15795,-0.07255,-0.14422,-0.12840,-0.09695,-0.22539,-0.18687,0.00716,-0.23815,-0.11170,-0.13742,-0.09608,-0.10382,-0.23232,-0.04645,-0.42472,-0.26666,0.07949,0.00150,-0.02043,-0.05966,0.01649,-0.35791,-0.19802,-0.35541,-0.04588,-0.26364,0.02255,-0.20372,-0.10787,0.14185,-0.18136,-0.03286,0.01234,-0.12317,-0.24130,-0.04547,-0.22704,-0.00752,-0.11817,-0.14146,-0.11379,-0.12541,-0.01796,-0.12455,-0.15668,-0.15433,-0.13728,-0.12808,-0.44193,-0.04580,-0.00273,-0.09010,-0.06454,-0.28244,-0.09451,-0.00555,0.04736,-0.11671,-0.12274,-0.18568,-0.07770,-0.04333,-0.14166,-0.11128,-0.15275,0.13133,-0.25725,-0.19711,0.06040,-0.18300,-0.01652,0.14265,-0.23405,-0.13013,-0.24591,-0.19841,0.00531,-0.33159,-0.10827,0.04526,0.01033,0.02288,-0.02515,-0.36836,-0.01574,-0.30995,-0.07209,-0.17977,-0.24054,0.20824,-0.15124,-0.12698,-0.19938,-0.01348,-0.08678,0.13666,0.06743,-0.03586,-0.14217
0.14013,-0.07277,-0.14757,-0.02895,-0.33367,-0.09410,-0.17336,0.07040,-0.25709,0.08213,0.22148,0.10550,0.01257,-0.29220,-0.17802,-0.14635,-0.30210,0.27315,-0.28382,-0.03837,0.11628,-0.28115,-0.36617,0.01729,-0.18247,0.07495,-0.13889,-0.02873,-0.11560,-0.11084,-0.12433,0.09322,-0.11611,-0.21969,-0.07898,-0.13485,-0.00745,-0.14556,-0.26420,-0.04566,-0.33421,-0.00845,-0.03376,0.03417,0.01822,0.07264,-0.10576,-0.10209,-0.14508,-0.21738,-0.19269,-0.17711,0.04613,-0.04190,-0.19328,-0.36013,-0.03648,-0.08478,-0.09871,-0.10971,-0.26372,0.04636,-0.22741,0.08619,-0.10153,-0.14252,0.14919,0.11860,-0.07479,0.00050,-0.08627,-0.25073,-0.06447,0.14834,-0.15099,0.07157,-0.24414,-0.10051,-0.15151,0.04902,0.02810,0.15686,-0.10624,-0.24492,-0.32765,-0.12452,-0.24893,-0.22021,0.07086,-0.07238,-0.03693,-0.01770,-0.28015,-0.19931,-0.06536,-0.18970,-0.10234,-0.17022,-0.06744,-0.29554
-0.12506,-0.23143,-0.03026,-0.01457,-0.15743,-0.08651,-0.14753,-0.04306,-0.20668,0.07002,-0.21100,-0.21688,-0.05193,-0.13980,-0.18868,-0.17328,-0.07324,-0.16562,0.04161,-0.16443,-0.25594,-0.04317,-0.41214,0.00521,-0.05788,-0.04099,-0.38334,-0.09282,-0.09472,-0.09541,0.00182,-0.05479,-0.15942,-0.13866,0.05038,-0.07612,-0.14910,0.02299,-0.14126,-0.19469,-0.33844,-0.02532,-0.15384,-0.02477,-0.06269,-0.18823,0.04324,-0.04599,0.00121,-0.22566,-0.13866,-0.05763,-0.08972,-0.14263,-0.17178,-0.18101,-0.04197,-0.15745,-0.22922,-0.07364,-0.19636,-0.08514,0.01082,-0.10195,-0.22331,-0.24937,0.19296,-0.14774,-0.14320,-0.07850,-0.24865,-0.14836,-0.06676,-0.09749,-0.15661,-0.24675,0.03243,-0.19623,-0.07218,-0.00679,0.13202,-0.08776,-0.04414,-0.14149,-0.38140,-0.14638,-0.22435,-0.13614,-0.03395,-0.16975,0.15484,0.01188,-0.21160,-0.01565,0.06032,-0.10760,0.09701,-0.01188,-0.36528,0.02088
0.12882,-0.15009,0.44973,-0.10344,-0.02877,-0.06759,-0.04149,0.18209,0.06249,-0.29929,-0.29979,-0.20823,0.15440,-0.02718,-0.06883,-0.08094,-0.13415,-0.20368,0.13235,-0.30543,-0.17541,0.14138,-0.23490,-0.12877,-0.00209,-0.10779,-0.21635,0.04819,-0.20229,-0.15667,0.34723,0.12416,-0.17426,-0.07668,-0.09333,-0.16139,-0.19436,-0.17704,0.05943,0.00327,-0.22978,-0.32541,-0.13408,0.08155,-0.01111,0.10247,0.09445,0.33124,0.03291,-0.06854,0.04307,0.24993,-0.32367,-0.14078,-0.17647,-0.21602,-0.19964,0.00373,-0.13562,0.11495,-0.26698,0.18718,0.31643,-0.12687,0.05793,-0.00972,-0.04297,-0.04928,-0.12525,0.00567,0.10371,-0.27257,-0.03873,0.08481,-0.14678,-0.11006,-0.12067,0.15446,-0.02916,-0.05854,0.20866,-0.02424,0.04749,-0.19488,-0.48868,0.13157,0.12791,0.02768,-0.06734,0.06093,-0.07029,-0.41459,-0.27011,0.20873,-0.10091,-0.07290,0.17431,0.02765,0.10916,-0.14620
-0.25884,-0.16968,-0.02928,-0.14279,-0.13304,0.03736,0.06121,-0.24425,0.01145,-0.09809,-0.20036,-0.14461,-0.12303,-0.11686,0.08468,0.04985,-0.20468,-0.25832,0.09601,-0.00420,-0.20202,-0.14846,-0.11879,-0.12369,-0.01274,-0.08351,-0.17771,-0.02904,-0.09627,-0.03008,-0.08269,-0.15926,0.01103,-0.15312,0.06663,0.06706,-0.22557,0.03252,-0.02106,-0.03762,-0.21427,0.04549,-0.17708,-0.10261,0.00102,-0.20967,0.15148,-0.07968,-0.19674,-0.17372,-0.27006,-0.23904,-0.15714,-0.12606,-0.19897,0.07873,-0.01490,-0.24081,0.04350,-0.00239,-0.10832,-0.05036,-0.09325,-0.16389,0.07989,-0.12323,-0.25491,-0.04912,-0.00578,-0.20443,0.10377,-0.29206,-0.17176,-0.22464,-0.20279,-0.14246,-0.02450,-0.01264,-0.24823,-0.14227,-0.10556,-0.07365,-0.26258,-0.02238,-0.15419,-0.17253,0.03021,-0.11597,-0.08962,-0.21206,-0.22321,-0.25145,-0.01989,-0.06132,-0.20640,-0.08221,-0.02190,-0.11674,-0.06752,-0.26566
-0.08686,-0.11374,-0.02190,0.09717,-0.12934,-0.22634,-0.29583,0.10129,-0.08177,-0.00925,0.18494,-0.13306,-0.26393,0.14567,0.21093,-0.19235,0.07409,0.17746,0.05185,-0.07481,-0.26333,0.01270,-0.05414,0.16147,0.09789,0.17765,-0.13420,0.20277,0.05196,-0.05438,-0.15247,-0.26849,0.10968,-0.04289,0.03847,0.03283,-0.06274,0.01716,-0.03242,-0.11866,-0.00145,0.00615,0.04674,0.06826,0.05773,-0.01488,-0.01682,-0.13409,-0.17294,-0.04366,0.01064,0.06685,-0.14237,0.13160,-0.08275,-0.14750,-0.09618,-0.32939,-0.06129,0.14471,-0.09371,-0.04558,0.03592,0.05026,0.01925,-0.04038,-0.42009,-0.06434,0.03021,-0.08682,0.17164,-0.15329,0.12972,0.01711,-0.22812,-0.02286,-0.07744,0.03429,-0.03216,0.12263,0.08509,0.07855,-0.14681,-0.09946,-0.15397,-0.06425,-0.10380,-0.05841,-0.04007,0.00035,-0.22821,-0.12991,-0.25986,0.06894,-0.08338,0.18780,0.12532,-0.08869,0.18962,0.00531
-0.10604,-0.18803,0.12239,-0.10240,-0.01436,0.11867,-0.03079,-0.09154,-0.42109,-0.22892,-0.17060,-0.24177,0.10351,-0.24598,-0.11550,-0.22033,-0.29411,-0.21098,-0.14226,-0.13090,-0.11274,-0.03882,-0.21872,-0.23198,-0.17865,-0.13281,-0.16961,-0.05347,-0.19491,-0.19586,-0.04864,0.09346,-0.24973,0.04106,-0.13501,-0.31596,-0.10396,-0.12003,-0.05195,-0.06749,-0.31673,-0.28257,-0.04938,0.04046,-0.22757,-0.14529,-0.04695,0.12416,0.14658,-0.32779,-0.18177,0.13719,0.04928,-0.17343,-0.28971,-0.11575,-0.13209,0.04527,0.00241,-0.29657,-0.18037,0.00722,0.17296,0.04155,-0.07288,-0.17938,0.09749,-0.23966,-0.01870,-0.02565,0.06546,-0.39818,-0.10837,-0.23464,-0.16359,-0.09209,-0.14260,-0.22910,0.03461,-0.14680,0.13706,-0.17576,0.22696,-0.24837,-0.36778,0.03080,-0.03776,-0.17966,0.02056,-0.06178,-0.10076,-0.07200,-0.46223,0.08090,-0.14780,0.00630,0.13283,-0.04141,-0.03602,-0.20200
-0.09180,-0.21249,-0.37358,-0.02027,-0.20619,-0.25334,-0.51376,-0.12645,-0.27444,-0.10472,0.09444,-0.07475,-0.11125,-0.16579,-0.11018,-0.18094,-0.24788,0.28970,-0.25873,-0.16151,0.04949,-0.22585,-0.37491,-0.25343,-0.10028,-0.14022,-0.26829,-0.01837,0.02538,-0.09973,-0.27751,-0.20615,-0.02780,-0.12577,-0.17661,-0.33490,-0.18765,-0.19036,-0.10218,-0.14548,-0.32839,0.04753,-0.14226,-0.05696,-0.09338,-0.12548,-0.19634,-0.10139,-0.24544,-0.10032,-0.06173,-0.18271,0.10597,-0.19569,-0.30758,-0.15256,-0.06941,-0.07720,-0.06954,-0.25845,-0.14913,-0.09972,-0.25612,-0.23420,-0.26438,-0.13800,0.04273,-0.21361,-0.33626,-0.19769,-0.02826,-0.20265,-0.18146,-0.00612,-0.22963,0.06895,-0.12622,-0.29133,0.03140,-0.04887,-0.19171,-0.16962,0.03806,-0.21119,-0.14658,-0.24463,-0.31578,-0.35943,0.09931,-0.30458,-0.15970,-0.15605,-0.02875,-0.24254,-0.13851,-0.10975,-0.01494,0.01892,-0.10449,-0.15386
-0.06048,-0.09429,-0.01544,-0.01094,-0.19865,-0.10804,-0.15908,-0.22609,-0.00527,-0.15067,0.06368,-0.24467,0.03453,0.10592,-0.16208,-0.02204,-0.18174,-0.42335,0.03312,-0.04628,-0.08362,0.00403,-0.17131,-0.16896,-0.18040,0.00027,0.00052,-0.13247,-0.29516,-0.03734,-0.06319,-0.00960,-0.16179,0.03984,-0.20475,-0.02339,-0.21428,-0.02045,-0.03600,0.07992,-0.01071,-0.16262,-0.33583,-0.21238,0.05350,-0.18399,-0.01730,-0.04629,-0.16506,-0.14026,-0.13459,-0.10501,-0.26047,-0.15590,-0.07279,-0.11684,-0.34174,-0.36458,-0.12824,-0.13250,0.05903,-0.00299,-0.32238,-0.03623,-0.07216,-0.05064,-0.35642,-0.02089,-0.20584,-0.30300,0.00907,-0.02773,0.10692,-0.16986,-0.09105,-0.13613,-0.30820,-0.12775,0.04217,-0.21355,-0.21977,-0.00231,-0.18450,-0.14717,-0.39991,0.04756,-0.00552,0.01031,-0.06372,-0.16660,-0.22949,-0.25978,-0.17967,-0.03299,-0.09489,0.04969,-0.15749,-0.19960,-0.08351,-0.08923
-0.20608,0.04946,-0.32777,0.14953,-0.08821,0.00523,-0.37378,-0.07447,-0.07683,0.12427,0.21784,0.04533,-0.20045,-0.06585,-0.14222,-0.16207,-0.01871,0.35084,-0.11447,-0.04039,-0.04297,-0.15196,-0.09955,0.13592,-0.09100,-0.09709,-0.24256,-0.12316,0.00215,-0.34566,-0.26527,-0.17869,0.05067,0.01826,0.17306,0.00479,0.10025,-0.14375,-0.10502,0.18523,-0.14906,0.09662,-0.01124,0.10877,-0.04428,0.04047,-0.15780,-0.29163,-0.24533,-0.14305,-0.09939,-0.12984,-0.15766,0.01520,0.00528,-0.21201,0.14326,-0.18468,-0.25504,-0.08452,-0.05681,0.02484,-0.01175,0.15937,-0.13426,-0.13430,-0.24356,0.01566,-0.08325,0.08425,0.01664,-0.02654,0.04497,0.09292,-0.03157,-0.08636,0.00905,-0.21516,0.14118,0.13557,0.05776,-0.02891,-0.03515,-0.07811,-0.23919,-0.06397,-0.06702,-0.02429,0.06280,-0.18875,-0.11615,-0.00150,-0.05403,-0.19534,-0.25399,-0.11831,-0.08407,-0.00093,0.02753,-0.15400
0.00395,-0.13294,-0.12186,-0.06748,-0.08151,-0.08730,-0.23882,0.05417,0.00886,-0.15475,-0.29176,-0.10869,-0.09414,0.02918,-0.18562,-0.16204,-0.19915,-0.28287,0.00214,0.03024,-0.09612,-0.31329,-0.25335,0.06373,-0.03838,-0.00835,-0.31063,-0.06089,-0.24803,0.07217,-0.20666,-0.36192,0.01109,-0.27486,-0.19779,-0.17779,-0.26534,-0.21264,-0.13715,-0.09860,-0.12219,-0.05897,-0.21982,-0.00501,-0.12116,-0.02210,-0.14450,-0.03031,-0.13120,-0.34784,-0.04979,-0.15143,-0.25184,-0.11261,-0.09083,0.05068,-0.10006,-0.26008,-0.25471,-0.07363,-0.17189,0.11216,0.00748,-0.01030,-0.07728,-0.07989,-0.05673,0.09685,0.06720,-0.01003,-0.00463,-0.17755,-0.09928,-0.10662,-0.12627,-0.09028,-0.13102,-0.19370,-0.09692,0.09242,-0.17459,-0.14369,-0.07454,-0.15820,-0.24021,-0.31387,-0.09524,-0.17525,-0.01237,-0.03731,-0.17752,-0.10459,-0.23031,-0.00564,-0.03123,-0.26948,0.00253,-0.14434,-0.07269,-0.22929
-0.15758,0.03477,0.12552,0.14892,0.01216,-0.05708,-0.01350,0.21678,0.03650,-0.16510,0.20490,0.24344,-0.31142,0.23295,-0.09538,0.08083,-0.06924,0.17140,0.34076,-0.20367,-0.25009,-0.02929,0.05972,0.36717,0.18825,0.26619,0.06604,0.14363,0.11439,0.02537,0.22968,-0.20946,0.26434,-0.00402,-0.05551,0.27058,-0.04678,0.20430,0.26533,0.25651,0.10169,0.12285,-0.13214,0.08983,0.09969,0.17306,-0.03705,0.18341,-0.05634,0.10817,-0.12989,-0.17212,-0.45230,-0.02382,-0.09847,-0.21657,0.17926,0.10310,0.03731,0.14257,-0.01710,0.14603,0.29938,0.00800,0.36068,0.19082,-0.15372,-0.05361,0.01571,0.06565,0.12160,-0.03321,0.20856,0.28082,-0.16102,0.00783,0.30148,0.09216,-0.00554,0.27428,-0.02362,0.09130,-0.18736,-0.03972,-0.09884,0.27578,0.03515,0.04516,0.22736,-0.13404,-0.41236,0.19937,-0.09002,0.13510,0.19505,0.01014,0.16750,-0.28413,-0.09540,-0.14007
-0.15374,-0.09513,-0.15679,0.01088,-0.01875,-0.16157,-0.01388,-0.12760,-0.18429,-0.19071,-0.01057,-0.07480,-0.02979,-0.09959,-0.11697,-0.24448,-0.14957,-0.04866,-0.38084,-0.12959,-0.06535,-0.13890,-0.43998,0.05303,-0.21879,-0.07093,-0.09349,-0.14776,-0.27585,-0.11167,-0.12860,0.08436,-0.06173,-0.07624,-0.16611,-0.20624,-0.01534,-0.06475,-0.12982,-0.22988,-0.18023,-0.01707,-0.08357,-0.09699,-0.11914,-0.07222,0.05940,-0.36311,0.01073,-0.29808,-0.03475,-0.13640,0.03903,-0.16722,-0.13883,-0.25570,-0.03381,-0.17716,-0.25751,-0.17244,-0.32528,-0.06176,0.03528,-0.12093,-0.27709,-0.12558,0.06674,-0.13546,-0.30430,-0.00449,0.02952,-0.26179,-0.07107,-0.17285,-0.00957,-0.14735,-0.05040,-0.20886,-0.09707,-0.11370,-0.09450,-0.00588,-0.03614,-0.15583,-0.19687,0.01419,-0.21422,-0.23693,-0.06156,-0.05095,-0.08539,-0.13165,-0.31067,0.02474,-0.07593,-0.20563,0.02712,-0.08695,-0.10773,0.00890
-0.31545,-0.16890,-0.12595,-0.11781,-0.04811,-0.21019,-0.07412,-0.20132,0.15867,0.12210,-0.02056,-0.20610,-0.29730,0.09463,-0.14433,0.06166,-0.06675,-0.19206,0.03761,-0.25746,-0.22237,-0.30737,0.16755,-0.15584,0.06742,-0.14681,-0.00672,-0.22564,-0.24796,-0.20835,0.05085,-0.38761,-0.06874,-0.18439,-0.09940,0.11389,-0.09296,-0.07690,-0.23055,-0.00943,0.24720,-0.00712,-0.39301,-0.14510,-0.12394,-0.04455,-0.03508,-0.02327,-0.42542,0.15136,-0.13139,-0.15422,-0.25691,-0.09714,0.20610,-0.26465,-0.09783,-0.11949,0.17130,0.15880,-0.02541,-0.03265,-0.25120,-0.25502,-0.00636,-0.05619,-0.56685,-0.11618,0.29872,-0.18441,0.08346,-0.15217,-0.21309,0.04507,-0.26001,-0.05579,0.03414,-0.06077,-0.06533,-0.13914,-0.30794,-0.08298,-0.22108,0.09270,-0.01007,0.13515,0.06602,0.01234,-0.14968,-0.16100,-0.39376,-0.51756,-0.21450,-0.03118,-0.12482,-0.04767,-0.13672,-0.36141,-0.12900,-0.28258
0.01405,-0.16175,0.06376,-0.13013,-0.19002,-0.08426,-0.22936,-0.01404,-0.40603,-0.25637,-0.00878,-0.31089,-0.06046,-0.26135,-0.03033,-0.05292,-0.20109,-0.21104,-0.28616,-0.25004,-0.00781,-0.09705,-0.41960,0.03688,-0.21268,-0.13675,-0.25804,-0.21725,-0.12682,-0.07096,-0.28447,-0.26915,-0.23494,-0.17973,0.11780,-0.20651,-0.15017,-0.16294,-0.01983,-0.10733,-0.13114,0.02873,-0.26984,-0.24803,-0.18108,-0.13413,-0.14224,-0.15506,-0.23026,-0.25824,-0.07141,0.03733,-0.07147,-0.01595,-0.01698,-0.16367,-0.14489,-0.18493,-0.30842,-0.26585,-0.33936,-0.17273,-0.22474,-0.13739,-0.11336,-0.05628,-0.04471,-0.21580,-0.25070,-0.28933,-0.13860,-0.28540,-0.14358,0.05738,-0.14927,-0.18507,-0.21158,-0.12068,-0.17593,-0.12975,-0.07631,-0.22272,-0.25665,0.07866,-0.27894,-0.14635,-0.15446,-0.09941,-0.05520,-0.09378,-0.10049,-0.16549,-0.29095,-0.16655,-0.24678,-0.09890,-0.25101,-0.09077,-0.22239,-0.11100
-0.12565,-0.07830,-0.14629,-0.13345,0.00734,-0.26674,-0.18000,-0.18029,-0.14504,0.02426,-0.13033,-0.15550,-0.00300,-0.08104,-0.16260,-0.24781,0.02082,-0.18611,-0.08707,0.00190,-0.23674,-0.24141,-0.16724,-0.10727,-0.06185,-0.00424,-0.20731,-0.30246,-0.26132,-0.08502,0.06911,-0.17134,0.01398,-0.14531,-0.10774,-0.08808,-0.07151,-0.00626,0.02656,-0.18171,-0.02484,-0.06647,-0.10431,-0.13802,-0.17301,0.09043,-0.10684,-0.12203,-0.26844,0.00788,0.03726,-0.09556,-0.13963,-0.09109,-0.14552,-0.11944,-0.12879,-0.10175,-0.14745,0.00921,-0.29596,-0.00593,-0.07139,-0.03444,-0.14724,0.00963,-0.32086,-0.26671,-0.21457,-0.15774,-0.04934,-0.12412,-0.00162,-0.14243,-0.06366,-0.06411,-0.13924,0.09210,-0.01428,-0.16982,-0.05113,-0.23064,-0.24901,-0.18505,-0.28679,-0.16542,-0.10402,-0.09589,-0.13136,-0.03152,-0.21372,-0.20335,-0.16030,-0.01628,-0.13627,-0.03721,0.03580,-0.03315,-0.07604,-0.25188
-0.23902,-0.05276,0.24831,-0.06509,0.11584,-0.23843,-0.03219,-0.31052,0.03565,-0.10644,0.08487,-0.11344,-0.27518,0.08764,0.15003,-0.03444,-0.08814,0.07561,0.10990,-0.21072,-0.17286,-0.13849,-0.01358,-0.12963,0.03576,-0.00420,-0.34762,-0.04162,-0.17888,-0.02207,0.07340,-0.07400,-0.02200,0.01783,-0.17302,-0.07672,-0.17423,-0.01605,0.15862,0.12273,-0.10924,-0.03812,-0.28633,0.16543,-0.14101,-0.19003,-0.15726,0.25243,-0.27600,-0.15128,-0.06236,0.05761,-0.19724,0.13379,-0.12901,-0.16553,-0.06234,-0.15738,-0.09069,0.00738,-0.14138,0.20779,-0.15376,0.02902,-0.12713,0.05834,-0.17539,0.07975,0.06771,-0.05840,-0.04443,-0.11014,0.13161,-0.19251,-0.10118,0.12328,-0.15877,-0.04280,-0.03726,-0.10834,-0.04785,0.06288,-0.08666,-0.03859,-0.32169,0.04242,0.06904,0.12198,-0.00488,-0.09138,-0.18903,-0.39598,-0.26172,-0.02196,0.00802,0.02819,0.08315,-0.13221,-0.13844,0.19517
0.06921,0.00825,0.17579,-0.06822,0.18753,-0.22626,-0.09077,-0.08850,-0.10139,-0.26077,0.25437,0.18341,-0.05468,-0.04070,0.06285,-0.11315,-0.16320,0.20906,0.03317,-0.12192,-0.17322,-0.31572,-0.23131,-0.01618,-0.24667,0.04146,-0.27552,0.23137,0.21438,-0.29592,0.12459,-0.15357,0.25533,0.10259,0.07776,0.04671,0.03164,-0.13371,0.23660,0.05851,-0.14352,0.06194,0.00050,0.20780,0.34135,0.13160,0.08598,0.00327,-0.03530,-0.48760,-0.05297,-0.18565,0.05548,0.11624,-0.24680,-0.10441,-0.07831,-0.12390,-0.06598,0.00317,-0.32542,-0.05840,0.03871,-0.08425,0.06391,0.05193,0.02707,-0.10982,-0.34005,-0.13706,0.01302,-0.07414,-0.00373,0.20083,-0.24227,0.13371,0.08518,0.07455,0.01455,0.06076,0.16782,0.10395,-0.03680,-0.13747,-0.12048,0.12829,0.06198,-0.11470,-0.04972,0.05766,-0.20021,0.10540,-0.07369,0.20486,0.01640,-0.02621,0.22887,0.00431,-0.12742,-0.05839
-0.02074,0.05575,-0.06442,-0.16395,-0.10661,-0.27579,-0.29930,-0.02621,-0.24796,-0.24142,0.09196,-0.06621,-0.01821,-0.22973,-0.14292,-0.31986,-0.16546,0.16372,-0.11919,-0.05984,0.09246,-0.04903,-0.25491,-0.15787,-0.12217,-0.17615,-0.32293,-0.01995,-0.09045,-0.13007,-0.29713,0.21423,-0.23664,-0.04640,-0.18519,-0.27096,0.06946,-0.04952,-0.09711,-0.05530,-0.42023,-0.06853,-0.19627,-0.18114,-0.21191,-0.02686,-0.09957,-0.13800,-0.04974,-0.31755,-0.31563,-0.12890,-0.08537,-0.16838,-0.38431,-0.38231,0.01602,-0.04034,-0.21710,-0.27937,-0.26403,-0.24721,-0.02033,-0.10347,-0.20982,-0.30467,-0.04666,-0.17834,-0.23229,-0.02600,-0.12637,-0.18643,0.12610,-0.01536,-0.13491,-0.04516,-0.27655,-0.11222,-0.24235,-0.11791,-0.11162,-0.06920,0.05570,-0.32968,-0.21149,-0.17155,-0.35411,-0.15962,-0.10496,-0.13677,-0.22522,-0.31812,-0.38033,-0.27008,-0.00399,-0.29649,-0.12195,-0.09865,-0.15936,-0.21566
-0.07245,-0.12480,-0.25497,-0.24517,-0.23868,0.01061,-0.14954,0.00407,-0.10847,-0.18153,-0.06111,-0.20809,-0.07810,-0.07580,-0.09039,-0.25278,-0.22244,-0.10369,-0.06930,-0.20871,-0.17240,-0.17058,-0.28563,-0.05286,-0.10743,-0.14663,-0.32345,-0.15871,-0.14953,-0.13123,-0.15523,0.10735,-0.25456,-0.19341,0.10327,-0.00254,-0.07785,-0.14580,-0.11615,-0.18134,-0.36975,-0.18414,-0.29006,-0.13522,-0.21533,-0.20025,-0.28442,-0.29477,-0.02285,-0.36210,0.01575,-0.16348,0.10488,0.05297,-0.19476,-0.08589,-0.05019,-0.11645,-0.02727,-0.06066,-0.01753,0.03143,-0.08093,-0.15186,-0.29455,-0.21912,0.01243,-0.16422,-0.26834,-0.12977,0.08062,-0.26358,-0.16461,-0.12307,0.03804,0.00797,-0.00997,-0.15567,-0.11008,0.04392,-0.07193,-0.34316,-0.05924,-0.39370,-0.20763,-0.14573,-0.25239,-0.09997,-0.08923,-0.19798,-0.17418,-0.17496,-0.27511,-0.17461,-0.20350,-0.25410,-0.16753,-0.20472,-0.00846,-0.15445
-0.11363,-0.14154,0.00021,0.07215,0.04562,-0.04619,-0.06817,0.02023,-0.13000,-0.17123,0.05984,-0.28251,-0.01908,0.22233,0.07029,0.01860,0.04136,0.18088,0.23911,0.03825,0.00046,0.03921,-0.04925,-0.09620,-0.04767,0.05213,-0.42622,-0.14692,0.10019,0.02525,0.04060,-0.08792,0.10097,0.14125,0.19746,0.38227,0.09720,0.00355,-0.04344,0.03028,0.13772,0.18112,-0.19487,0.07066,0.24107,0.05402,-0.03400,-0.02448,-0.15373,-0.04608,-0.13950,0.08333,-0.11800,0.13992,-0.00105,0.26050,0.08267,-0.04837,0.08927,0.11813,-0.05855,-0.07642,-0.00063,0.10522,0.11318,0.08323,-0.34287,-0.00707,-0.02739,-0.04459,-0.07576,0.06031,0.05075,0.23018,0.07256,0.10622,-0.27142,-0.04796,0.03754,-0.06534,-0.09298,0.07775,-0.14798,-0.09689,-0.20310,0.20061,0.21277,0.27690,-0.13761,-0.14150,-0.18933,0.00428,-0.09515,0.09381,0.13639,-0.00905,-0.00691,-0.20633,0.14593,0.04019
-0.17107,0.07546,-0.04543,0.00453,-0.17795,0.06180,-0.17755,-0.12688,-0.08054,-0.16387,0.08070,0.09473,0.05033,-0.06739,-0.00791,-0.05108,0.15520,0.00900,-0.06955,-0.21659,-0.18324,-0.01238,-0.17353,0.18681,-0.16063,0.09638,-0.28539,0.09400,0.01330,0.06325,-0.00047,-0.11684,-0.09632,0.04491,-0.07630,-0.04057,-0.10170,-0.21803,0.06274,0.03200,-0.12976,-0.12450,0.03779,0.08819,0.01429,-0.00298,-0.19411,0.03885,-0.04852,-0.25141,-0.15634,0.13575,-0.18274,-0.01117,-0.21994,-0.05634,-0.03991,0.02551,-0.10684,0.05138,-0.17760,0.07935,0.09889,0.06661,0.03417,-0.17131,-0.03304,-0.10045,-0.16460,-0.00910,0.14792,-0.11373,-0.00448,0.03957,-0.20433,0.07790,0.08383,-0.10701,-0.00839,0.21092,-0.21701,-0.03256,-0.07054,-0.22610,-0.29938,0.03121,-0.03166,0.10791,0.07492,-0.12130,-0.08690,0.13326,0.04037,0.04593,-0.10170,-0.19050,-0.04355,0.05870,0.12263,-0.04723
-0.28350,-0.01888,-1.35277,0.43078,-0.23338,-0.43311,-0.83635,-0.18854,-0.11813,0.05191,1.01563,0.70507,-0.67489,0.32204,0.16615,-0.13422,-0.09730,1.06235,-0.34039,0.37345,-0.04954,-0.03633,-0.24643,0.54680,0.14115,0.78317,0.19916,0.50116,0.42601,0.02282,-0.78271,-0.48599,0.62228,0.14349,0.29401,0.36803,0.28671,0.12182,-0.22771,0.28642,-0.41492,0.59132,-0.08861,0.24791,0.61532,0.40240,0.12842,-0.41049,-0.18486,-0.37626,-0.08100,-0.37789,0.31025,0.79194,-0.45077,-0.10572,0.81306,0.00728,0.06668,-0.18486,-0.04746,0.19096,-0.51529,0.42770,0.14095,-0.26082,-0.43532,-0.06449,0.33773,0.28702,0.50122,-0.27140,0.07778,0.63730,-0.18914,0.09953,0.44155,-0.03018,0.06567,0.57475,-0.18616,0.61802,0.01938,0.31536,0.02796,-0.01518,-0.33712,-0.11491,0.60387,-0.25947,-0.46405,1.08789,0.27926,-0.18207,0.05073,-0.09439,-0.06108,-0.17538,0.40065,-0.14800
0.30501,-0.31798,-1.14624,0.15389,-0.53177,-0.25431,-0.88365,-0.46367,-0.53060,-0.19707,0.60344,0.34613,0.21836,-0.73944,-0.31882,-0.27928,-0.19628,0.75937,-0.80152,0.52265,0.14837,0.03274,-1.33845,0.10174,-0.53396,0.02349,-0.95124,-0.06375,0.01692,0.02840,-0.80551,0.01431,-0.21669,-0.28890,-0.18461,-0.32731,0.56068,-0.11027,-0.59948,-0.14505,-0.87176,0.29406,0.22788,-0.24545,-0.29950,-0.06979,-0.36745,-0.48669,0.24433,-0.96226,0.13043,-0.08897,1.18260,-0.00630,-0.61072,-0.19445,0.37730,-0.27581,-0.54545,-0.67490,-0.82032,-0.33588,-0.28294,-0.12217,-0.65442,-0.93736,0.46266,-0.50060,-0.55124,0.43934,-0.45248,-0.42484,-0.23146,-0.02106,0.15127,-0.24725,-0.10818,-0.11020,-0.07895,-0.01642,0.37287,-0.27606,0.03247,-0.29000,-0.29128,-0.45784,-0.86457,-0.46478,0.48048,0.18905,0.18094,0.71650,-0.20888,-0.60617,-0.32065,-0.42788,-0.35802,0.55036,-0.05713,0.07523
-0.09257,0.08253,-0.14884,-0.11732,-0.16470,-0.34933,-0.06275,0.05532,-0.38214,-0.11156,0.09795,-0.02494,-0.24557,-0.20187,-0.29526,-0.28717,-0.15977,0.22615,-0.16157,-0.10416,-0.07855,-0.24191,-0.40134,-0.00104,0.18478,0.06058,-0.21524,0.12271,-0.08517,-0.09581,-0.26549,-0.08589,-0.07793,-0.10943,-0.12903,-0.02204,-0.06473,0.02475,-0.24154,-0.11611,-0.18077,-0.12914,0.13685,-0.14460,0.08243,-0.03872,0.12929,-0.28934,0.18341,-0.13446,0.08585,-0.20208,0.03066,0.00512,-0.15811,-0.15264,-0.06147,-0.04039,-0.25455,-0.00363,-0.06806,-0.01666,-0.28721,0.04781,-0.08300,-0.17554,-0.18596,-0.24911,-0.19790,-0.06301,0.02345,-0.11853,-0.12787,0.05411,0.07303,-0.00355,0.02670,-0.07398,-0.11455,-0.22351,0.08944,-0.05034,-0.10987,0.00957,-0.29404,-0.16095,-0.22518,-0.34176,0.05792,-0.23422,0.03260,0.16087,-0.25374,-0.19029,-0.06040,-0.07851,0.16946,0.17971,-0.27753,-0.03677
0.19255,-0.09449,1.11325,-0.32450,0.19314,0.20501,0.66250,0.29262,-0.06118,-0.12755,-0.79927,-1.13619,0.42203,-0.29902,-0.31534,0.06343,-0.11367,-0.95462,0.17193,-0.47416,0.03757,0.29272,-0.35303,-0.31664,-0.23552,-0.48721,-0.79274,-0.48940,-0.46044,0.00101,0.86518,0.72505,-0.42891,0.13353,-0.39376,-0.28571,-0.46558,-0.28328,0.20429,-0.23526,0.59955,-0.61111,-0.09140,0.11836,-0.54473,-0.30673,-0.01801,0.64426,0.14642,0.49934,-0.02561,0.53674,-0.44314,-0.84566,0.34596,-0.07186,-0.35290,0.09026,-0.06217,0.29608,-0.32075,0.13480,0.54132,-0.13992,0.24197,0.45829,-0.17103,0.03062,-0.40520,-0.28273,-0.14220,-0.21503,0.00785,-0.61288,0.13771,-0.05250,-0.64376,0.20042,-0.02797,-0.61470,-0.02271,-0.57623,0.03299,-0.67231,-1.60915,0.14794,0.45300,0.34983,-0.50082,-0.03749,0.26167,-1.39772,-0.96236,0.38604,0.00012,-0.02604,-0.07284,0.25349,-0.08595,-0.01393
-0.21199,-0.26600,0.18894,-0.10415,0.05918,-0.46470,0.18332,-0.20442,-0.02538,-0.20644,-0.26466,-0.41104,-0.23313,0.15959,-0.16553,0.06991,-0.27861,-0.22626,0.48228,-0.07578,-0.13395,-0.14471,0.00895,-0.08556,0.29454,-0.12658,0.09809,-0.29872,-0.31634,-0.22641,0.26499,-0.28531,-0.33451,-0.17656,-0.09583,-0.16394,-0.37676,-0.08349,0.07441,0.16673,0.14724,-0.20351,-0.60302,-0.29662,0.01857,-0.16379,-0.12761,-0.21037,-0.30658,0.39043,-0.21897,-0.15278,-0.49691,-0.25502,0.15395,0.01942,-0.21847,-0.07759,0.06884,0.03077,0.13296,-0.01947,0.02915,-0.10317,0.15792,0.15140,-0.72927,-0.14647,0.03336,-0.16314,-0.11673,0.10038,-0.16415,-0.15069,-0.34444,-0.02706,-0.34060,-0.14960,-0.38640,-0.31535,-0.22332,-0.17662,-0.06168,0.03723,-0.14144,-0.09075,0.04047,0.02535,-0.24630,-0.48137,-0.48102,-0.42402,-0.22931,0.11217,-0.18994,-0.03151,0.09356,-0.46850,-0.14364,-0.23766
-0.01504,-0.12964,-0.00025,-0.07712,-0.13512,-0.04331,-0.20088,-0.14042,-0.10813,-0.19297,0.12645,-0.29120,0.00480,0.05403,0.06003,0.08745,-0.02239,-0.13272,0.03722,0.06965,-0.05134,-0.18193,-0.15153,0.16576,-0.07250,0.08013,-0.09557,-0.11006,0.01445,-0.10709,0.02160,-0.08541,0.04320,-0.04032,-0.14063,-0.02325,-0.04984,-0.11456,-0.13124,-0.00305,0.02180,0.04024,-0.10653,-0.00840,0.00221,0.16716,-0.19584,-0.06608,-0.12784,-0.06766,-0.18797,-0.08569,-0.21934,0.20762,0.00765,-0.15973,-0.01389,-0.06276,0.11333,-0.03785,-0.25782,-0.07515,0.23863,-0.16509,0.03268,-0.00009,-0.33011,0.04699,0.27882,0.00167,-0.01995,-0.21052,0.13883,-0.02025,-0.09502,-0.11825,0.02897,-0.15389,-0.14067,0.13661,-0.20507,-0.02471,-0.20669,0.07764,-0.17546,0.03238,0.13749,0.17975,-0.15519,-0.15285,-0.29078,-0.11532,-0.05294,0.11473,-0.15272,0.00058,0.00073,-0.10840,-0.00408,-0.18944
-0.18385,-0.09253,-0.11390,-0.00781,0.02882,-0.18646,-0.00743,0.05655,-0.05260,-0.10047,-0.13158,-0.04430,0.06153,-0.26847,0.02691,-0.16759,-0.12242,0.03855,-0.30585,-0.03015,-0.25481,-0.10606,-0.34068,0.06593,-0.20930,0.01250,-0.12606,-0.16595,-0.09282,-0.11144,-0.16958,-0.07283,0.05181,-0.19605,-0.07167,-0.09795,-0.15969,-0.06548,-0.04490,-0.09550,-0.32873,-0.07903,0.13795,-0.27744,-0.13334,-0.02228,-0.12798,0.03510,-0.07183,-0.14709,-0.19499,-0.37652,-0.14584,-0.15476,-0.07483,-0.17557,0.17023,-0.17544,-0.16924,-0.14989,-0.26090,-0.17245,-0.04823,-0.11062,-0.18923,-0.10672,-0.16409,-0.12485,-0.10326,-0.23559,-0.08033,-0.33089,-0.18980,-0.02605,0.02093,-0.18207,-0.26471,-0.10133,-0.14827,-0.14510,0.10686,-0.00275,0.03303,-0.24145,-0.33653,-0.09115,-0.26838,-0.16007,-0.07501,-0.07319,-0.10565,-0.28425,-0.26161,-0.07198,0.09191,-0.07399,0.02186,-0.20164,-0.11370,-0.20404
-0.15588,-0.20043,-0.53955,0.07893,-0.36800,-0.08376,-0.32453,-0.04071,-0.08590,0.06652,0.13543,-0.00064,-0.05441,-0.04102,-0.03957,-0.07152,-0.16736,0.08347,-0.16998,0.10565,0.07996,-0.22634,-0.07165,0.02590,0.11053,-0.02368,-0.38520,0.07028,-0.01926,-0.16907,-0.38203,-0.14328,-0.05672,-0.12708,-0.12224,-0.03594,0.04441,0.02713,-0.17475,-0.02552,-0.33859,0.11391,-0.10392,0.03228,-0.02173,0.04781,0.10706,-0.30702,-0.22654,-0.15660,-0.03129,-0.04884,0.03356,0.08972,-0.15338,-0.19566,0.22238,0.10902,-0.21681,-0.14124,-0.15520,-0.17904,-0.22079,-0.07660,-0.04836,-0.19723,0.07259,-0.23617,-0.12850,0.01123,-0.07356,-0.18913,-0.16784,0.09584,0.02485,-0.03015,0.07624,0.03393,0.06501,0.08374,-0.27731,0.00716,0.00001,0.04657,-0.13474,-0.26996,-0.19061,-0.34530,-0.05876,-0.09879,-0.27693,-0.07015,-0.13601,-0.27194,-0.16844,-0.12491,-0.08704,-0.08282,0.08242,-0.11851
-0.23363,-0.14526,-0.18109,-0.01407,-0.18026,-0.04981,-0.18760,-0.11219,0.02411,-0.10886,0.12648,0.09754,0.04691,0.02108,-0.10853,-0.24835,-0.12887,0.28448,-0.26688,-0.15988,-0.14130,-0.22420,-0.22120,0.12913,0.10362,0.03728,-0.28879,-0.04397,-0.14220,-0.18833,-0.16071,0.07969,-0.04410,-0.20237,0.12629,0.18301,0.04337,-0.05818,-0.12290,0.08026,-0.00396,0.07571,0.05782,0.01691,0.06722,0.01916,-0.09222,-0.17147,-0.01782,-0.14274,-0.25946,-0.11534,0.06576,0.07278,-0.18952,-0.21250,0.02953,-0.08612,-0.14150,-0.12697,0.04816,-0.17673,0.00732,-0.03157,-0.06556,-0.13402,-0.10700,-0.15314,-0.16909,0.02559,-0.14478,-0.24610,-0.00315,0.19187,-0.06081,-0.17607,0.12117,-0.00999,-0.12899,0.18473,-0.10535,-0.01160,-0.03776,-0.08514,-0.19544,-0.26859,0.03143,-0.28878,0.10367,-0.19470,-0.12721,0.18118,-0.16966,-0.24085,-0.08846,-0.08244,0.04564,-0.02675,-0.11310,-0.01947
-0.08333,-0.04610,-0.14774,0.04712,-0.09331,-0.26924,-0.35402,-0.14211,-0.09191,-0.09731,-0.01065,-0.14025,-0.21218,0.13711,0.02506,-0.10824,0.02845,-0.13773,0.15169,-0.07146,-0.06614,0.07682,-0.05931,-0.04085,-0.01275,0.14370,-0.17021,0.10063,-0.04856,0.00237,-0.09216,-0.15742,0.08653,-0.28158,0.02920,0.10467,0.07767,0.10336,0.13439,-0.01345,0.11516,0.01437,-0.06622,-0.02160,-0.05220,0.12997,-0.13183,-0.00139,-0.20668,0.12329,0.04051,-0.09481,-0.15908,0.00669,-0.19884,-0.03153,0.07339,-0.12533,-0.06662,0.18065,-0.13383,0.00227,-0.01248,-0.27182,0.32162,-0.13928,-0.35749,0.13858,0.12167,-0.04953,-0.06907,0.00049,-0.09337,0.02300,-0.12989,0.09237,-0.11173,-0.01517,-0.14174,0.06200,-0.22316,0.08812,-0.07655,0.14620,-0.12486,-0.03473,-0.01260,-0.08526,0.16479,0.05048,-0.12792,-0.31165,-0.15357,0.10973,-0.15610,-0.00815,0.01760,-0.21707,-0.07432,0.02470
-0.26369,-0.02829,-0.21121,0.01675,0.01212,-0.03545,-0.28174,-0.07379,-0.03014,-0.09365,0.08074,0.10766,-0.23763,0.11838,-0.05629,0.01364,-0.15324,0.10889,0.11681,-0.21666,0.04441,-0.23558,0.06004,0.13206,0.10615,-0.01824,-0.14549,-0.04153,-0.04974,-0.04542,-0.03982,-0.13427,0.10236,-0.02333,0.00598,-0.08950,-0.09930,-0.13345,0.02093,-0.08420,0.00971,0.02176,0.00305,0.03996,-0.00765,0.02852,-0.00004,-0.23196,0.01222,-0.12249,-0.16338,-0.13584,-0.03937,0.10678,-0.03168,-0.14700,0.06681,-0.40122,-0.03328,-0.08926,-0.11500,0.01954,-0.29185,0.00106,-0.02713,0.07426,-0.18399,-0.06480,-0.02110,-0.10460,-0.03056,-0.06817,-0.05437,0.06913,-0.19988,-0.13287,-0.08105,-0.11131,-0.07300,-0.09958,-0.35646,0.05512,-0.18006,0.24050,0.15798,-0.02190,0.03079,0.00525,-0.04399,-0.25493,-0.21484,-0.11672,-0.10679,-0.01033,-0.12432,-0.16082,0.01699,-0.33808,0.20707,-0.20509
-0.31164,-0.18686,-0.27974,-0.05870,-0.11949,-0.17759,-0.00980,-0.30238,-0.17864,-0.21578,0.02545,-0.29588,-0.20020,-0.15503,-0.05563,-0.13365,-0.10077,-0.07416,0.16189,-0.04586,-0.08575,-0.00648,-0.40892,-0.01575,-0.16042,-0.12899,-0.22370,-0.06191,-0.09586,-0.27821,-0.11531,-0.01220,-0.11998,-0.17643,-0.25838,-0.16824,0.00441,-0.22129,-0.10024,0.03780,-0.11698,0.03221,-0.21548,-0.03349,-0.02149,-0.19559,-0.24812,-0.23635,-0.20483,-0.25220,0.10420,-0.14611,-0.26594,-0.07756,-0.26140,-0.06524,-0.17761,-0.01733,-0.21824,-0.23426,-0.18773,-0.10106,-0.19082,0.12361,-0.06371,-0.13874,-0.31293,0.14163,-0.10738,-0.03582,-0.27776,-0.18006,-0.07419,-0.29525,-0.25436,-0.06621,-0.22640,0.08205,-0.07430,-0.13289,-0.02852,0.01626,-0.17472,-0.16115,-0.21428,0.03472,-0.20930,-0.16424,-0.10683,-0.07244,-0.03167,-0.16691,-0.17794,-0.17832,-0.33506,-0.07878,0.08163,-0.12611,0.03250,-0.14998
-0.05082,-0.21197,-0.41836,0.05715,-0.07162,-0.41114,-0.39240,-0.09450,-0.28465,-0.26163,0.07223,-0.03899,-0.03027,-0.22386,-0.17892,-0.14799,-0.12145,-0.28243,-0.26494,-0.06479,-0.13657,-0.14518,-0.15563,0.13170,-0.11944,-0.07380,-0.18891,0.03820,-0.20550,-0.10044,-0.41059,-0.10250,-0.06235,-0.03927,-0.08396,0.00964,-0.25792,-0.22015,-0.14913,-0.24356,-0.28316,0.01648,-0.12981,-0.09306,-0.21995,-0.12149,-0.17346,-0.28651,-0.26038,-0.30261,-0.24279,-0.19642,0.00296,-0.12350,-0.14632,-0.29905,-0.01045,-0.15323,-0.01488,-0.45620,-0.06232,-0.09314,-0.21126,-0.02199,-0.12555,-0.34601,-0.28017,-0.02414,-0.07586,-0.14288,-0.04092,-0.04343,-0.19059,-0.05125,-0.28526,-0.17452,0.04598,-0.22773,-0.13555,-0.09863,-0.03745,0.00684,0.03394,-0.03012,-0.30231,-0.30519,-0.19155,-0.36697,0.02917,-0.20720,-0.18906,0.02790,-0.04976,-0.36742,-0.19023,-0.19248,-0.07611,-0.22103,-0.26407,-0.27727
-0.14188,-0.20158,-0.34389,0.00960,-0.25426,-0.19127,-0.30074,-0.17136,-0.27273,-0.31046,-0.12089,0.10073,-0.04253,-0.18561,0.04330,-0.22326,-0.30804,0.30238,-0.21664,-0.31441,-0.11373,-0.01144,-0.60460,0.04606,-0.11729,-0.14205,-0.24322,-0.16073,-0.12883,0.02118,-0.43130,-0.12972,0.02301,-0.05222,-0.09346,-0.07519,-0.03739,-0.06446,0.01078,-0.32018,-0.49300,-0.06686,0.11147,0.04948,-0.21596,0.02065,-0.03818,-0.28004,-0.08488,-0.41374,-0.10096,-0.17117,0.20693,-0.01061,-0.25402,-0.24119,-0.06433,0.13632,-0.10002,-0.30505,0.04919,-0.02443,-0.09136,0.14013,-0.19783,-0.36877,0.02856,-0.18070,-0.05886,-0.14188,0.00232,-0.12811,-0.11361,-0.01015,-0.06561,-0.15150,-0.10725,-0.15089,0.06041,-0.00248,-0.02689,-0.07756,0.04669,-0.26122,-0.24608,-0.33443,-0.26045,-0.26738,0.11181,-0.05716,-0.06221,-0.01779,-0.17132,-0.29041,-0.12596,-0.18648,0.06721,0.10897,-0.05975,-0.21629
-0.19989,-0.26451,0.16012,-0.12877,0.11883,-0.00900,-0.07096,-0.16831,-0.16719,0.05308,-0.09543,-0.26575,-0.16242,-0.07964,-0.13759,-0.13121,-0.20019,-0.27920,-0.11462,-0.11948,-0.26117,-0.00651,-0.16169,0.02233,0.11509,-0.11587,-0.14209,-0.19053,-0.18005,-0.20659,-0.14320,0.03265,-0.29161,-0.20696,-0.08214,-0.08744,-0.19792,-0.23229,-0.12127,-0.11239,-0.17293,-0.09203,-0.13462,0.01710,-0.06203,-0.12978,0.08034,-0.20579,-0.14722,-0.35165,-0.06307,-0.25137,-0.21414,-0.06964,-0.12381,-0.01295,-0.10546,-0.03953,-0.30058,-0.06596,-0.00933,-0.09514,-0.19323,-0.03297,-0.18830,-0.13788,-0.21722,0.11392,0.00053,0.07518,0.08252,-0.11845,-0.16350,-0.23629,-0.10834,-0.17894,0.03030,-0.11391,-0.22148,-0.03012,-0.14805,-0.19046,-0.03384,0.08227,-0.29573,-0.19982,-0.06579,0.03704,-0.06345,-0.00319,-0.21132,-0.05878,-0.21719,-0.02605,-0.13853,-0.10210,-0.10798,-0.05534,-0.03005,-0.03377
0.02023,-0.38233,0.03872,-0.15646,-0.05984,-0.08432,-0.08006,-0.17297,-0.11401,-0.20629,-0.09452,-0.05302,-0.13567,-0.25494,-0.33992,-0.20405,0.05013,0.00870,-0.23387,0.09035,-0.17944,-0.16346,-0.35835,-0.10029,-0.19824,-0.26840,-0.14870,-0.08165,-0.24434,0.04273,-0.03769,-0.17897,0.03798,-0.07492,-0.08348,-0.10703,-0.16723,-0.04623,-0.07527,0.01607,-0.09404,0.02805,-0.02820,-0.03125,-0.31023,-0.20626,-0.24264,-0.11054,-0.23887,-0.17022,-0.08597,0.07268,-0.11046,-0.09144,-0.17788,-0.18145,-0.09801,-0.21980,-0.10261,-0.22967,-0.25967,-0.04717,-0.07262,0.08178,-0.06309,-0.15402,-0.07464,-0.08205,-0.17186,-0.01649,0.04218,-0.17923,-0.19981,-0.02734,-0.07472,-0.16252,-0.05773,-0.07149,-0.06171,-0.15082,-0.17857,-0.26002,-0.19695,0.02095,-0.19276,-0.10472,-0.06431,-0.02410,0.05138,-0.21649,-0.14679,-0.10647,-0.29471,-0.05174,0.06833,-0.16920,-0.22589,-0.29920,-0.15844,-0.07297
-0.25498,-0.12395,-0.24434,-0.03510,-0.06316,-0.18001,-0.17935,-0.03936,-0.38016,-0.23545,-0.06653,-0.16247,-0.14074,-0.08229,-0.17266,-0.13679,-0.17212,-0.10249,-0.11360,-0.24936,-0.30539,-0.00840,-0.12975,-0.04574,-0.18588,-0.13206,-0.14677,-0.06180,0.09622,-0.12474,-0.27433,0.12492,-0.00817,-0.14653,-0.10282,0.10771,-0.34129,-0.17157,-0.18381,-0.18250,0.08175,-0.08094,-0.33969,-0.22284,-0.02371,0.01547,-0.11262,-0.37998,-0.33590,-0.19393,-0.04433,-0.19800,0.02629,0.07900,-0.31955,-0.04390,0.05211,-0.28304,-0.20497,-0.17284,-0.07754,-0.23062,-0.19459,-0.23902,-0.12763,-0.15268,-0.17971,-0.08279,-0.01562,-0.12920,-0.10668,-0.21076,-0.26503,-0.08147,-0.13880,-0.01036,-0.11588,-0.39084,-0.06237,0.05094,-0.09098,0.16449,-0.21728,-0.15502,-0.18171,-0.04134,-0.13286,-0.20380,-0.22738,-0.12281,-0.14794,0.02999,-0.03848,-0.02170,0.06550,0.01285,0.00363,-0.01345,-0.16430,-0.02297
-0.28383,-0.33191,-0.13985,0.00566,-0.18506,-0.18724,-0.27236,-0.33764,-0.20942,-0.36231,-0.18005,-0.21008,-0.01950,-0.11193,-0.24051,0.06722,-0.28183,-0.11499,-0.19277,-0.10860,-0.05155,-0.12657,-0.37366,-0.09136,-0.04948,-0.10504,-0.15183,-0.12503,-0.16106,-0.08002,-0.31177,-0.09253,-0.23093,-0.24499,-0.23988,0.04229,-0.13879,0.04973,-0.04559,0.00801,-0.30550,-0.02537,-0.22387,0.02654,-0.01695,-0.23573,-0.09765,-0.05391,-0.08194,-0.34799,-0.15123,-0.23699,-0.22720,0.11491,-0.33727,-0.03597,0.12155,-0.25848,-0.23998,-0.23831,-0.41983,-0.05031,-0.32988,-0.16843,-0.33206,-0.13948,0.11429,-0.13966,-0.13565,-0.22989,-0.19671,-0.16887,-0.09047,-0.20609,-0.16354,-0.14807,-0.12700,-0.04619,-0.17723,-0.21555,-0.07109,-0.15199,-0.14682,0.05860,-0.33544,-0.20632,0.04427,-0.23678,0.18662,-0.12470,-0.22006,-0.01861,-0.17700,-0.26666,-0.25514,-0.16454,-0.16428,-0.04606,-0.09753,-0.19144
-0.26764,-0.13207,-0.61224,0.00452,-0.30040,-0.36708,-0.55809,-0.21145,-0.41121,-0.28770,0.15766,-0.11170,-0.24125,-0.18307,-0.23956,-0.44690,-0.38718,0.06044,-0.36782,-0.06645,-0.27619,-0.23011,-0.28095,0.00096,-0.34808,-0.09308,-0.38421,0.21533,-0.06675,-0.48778,-0.53260,-0.29151,-0.01682,-0.21033,-0.10891,-0.15233,-0.17571,-0.27170,-0.21932,-0.23669,-0.62985,0.01838,-0.27196,-0.16933,0.03131,-0.08615,-0.13454,-0.29323,-0.14238,-0.36557,-0.05630,-0.32223,0.13721,-0.09144,-0.32669,-0.15306,0.08480,-0.19719,-0.10314,-0.27888,-0.30226,-0.25039,-0.46011,0.06559,-0.24419,-0.60784,-0.11406,-0.28272,-0.24743,-0.05370,-0.18751,-0.13085,-0.13026,-0.04679,-0.27162,-0.20486,-0.23862,-0.17590,0.06484,-0.09068,-0.20822,-0.21979,-0.13339,-0.05721,-0.10237,-0.24994,-0.46283,-0.37168,-0.04008,-0.05284,-0.17275,0.34697,-0.04449,-0.49622,-0.01694,-0.37198,0.04068,-0.28418,0.04809,-0.44672
-0.02751,0.00305,0.10180,-0.23212,0.15413,0.01627,-0.30419,0.05231,-0.12401,0.03377,-0.17487,-0.30059,-0.05451,0.01147,-0.12218,0.03544,-0.22847,-0.44251,-0.05352,0.03831,0.02965,0.00484,-0.22606,-0.09314,-0.02064,0.01293,-0.21158,-0.11911,-0.21919,-0.21656,0.00424,0.03003,-0.11139,-0.10440,-0.07745,-0.08613,-0.05424,-0.00917,0.30795,0.02173,-0.20436,-0.14572,-0.36308,-0.11740,-0.13250,-0.00112,-0.09753,0.11135,-0.15678,0.00445,-0.10741,-0.02438,-0.20972,-0.08293,0.09472,0.02851,-0.15812,-0.32942,-0.05720,0.03162,-0.21509,-0.01006,0.09367,0.01979,0.05143,0.00505,-0.51470,-0.05126,-0.07365,-0.04970,-0.05973,-0.16497,0.00559,-0.25778,-0.02757,0.00799,-0.09535,-0.02407,0.08801,-0.12698,-0.05217,-0.21248,-0.21739,0.07361,-0.50466,0.14503,0.00640,-0.01912,-0.27297,-0.22879,-0.16454,-0.19562,-0.20321,-0.01533,-0.12830,-0.24449,-0.19703,-0.06550,-0.09701,0.10017
0.09572,0.08118,1.75411,-0.41089,0.48108,0.36213,1.17324,0.19536,0.08025,0.22854,-1.07544,-1.18501,0.50017,0.22220,-0.30082,0.17139,-0.23204,-0.93370,0.99150,-0.76060,-0.10537,0.21841,-0.29006,-0.67763,-0.21939,-0.59118,-0.57189,-0.59125,-0.71223,-0.22946,1.63252,0.82597,-0.72643,-0.15718,-0.29391,-0.59573,-0.61950,0.09421,0.52570,-0.06544,1.05686,-0.53118,-0.25650,-0.07977,-0.45137,-0.34879,0.04362,0.62579,-0.11346,0.61275,-0.19597,0.58511,-0.84858,-0.81846,0.26058,-0.14559,-0.76003,-0.00770,-0.02173,0.74234,-0.11350,0.23651,0.74899,-0.33177,0.61020,0.68138,0.09398,0.18919,0.18187,-0.32746,-0.11151,0.00275,0.11531,-1.08474,-0.06383,0.14957,-0.65885,0.06925,-0.14509,-0.72886,-0.21031,-0.36611,0.01256,0.11243,-1.09377,0.17789,0.88031,0.28607,-0.67942,-0.10009,0.27813,-1.78265,-0.88533,0.59162,-0.13640,-0.03494,-0.00049,-0.05798,-0.12580,0.06342
-0.08789,-0.22290,0.09267,0.00389,-0.09234,-0.06211,-0.21903,0.03890,0.14388,-0.09201,0.01215,-0.20873,-0.07586,-0.13078,0.10664,-0.15119,-0.22936,-0.06140,-0.00869,-0.15052,-0.09531,-0.13555,-0.36736,0.15338,-0.16289,-0.01288,-0.15545,-0.00044,-0.09661,-0.08587,-0.15151,0.14968,-0.17488,0.02195,-0.07690,-0.07300,-0.01525,-0.11282,0.03755,-0.00066,-0.19061,-0.06574,0.08603,-0.15255,-0.04211,-0.21088,-0.23045,-0.08752,-0.10200,-0.04787,-0.12277,-0.14498,-0.05324,-0.19987,-0.07348,-0.24804,0.14325,0.00207,-0.14506,0.04185,-0.03706,-0.03129,0.04623,-0.12974,-0.05328,0.01112,-0.12941,-0.19195,-0.29236,-0.04299,-0.03346,-0.25999,-0.11658,-0.02878,-0.26021,-0.05293,-0.10957,-0.24619,-0.22621,-0.18707,-0.12691,-0.14573,0.06561,-0.23721,-0.29882,-0.08102,-0.03518,-0.17159,-0.13536,-0.03683,-0.07458,0.14682,-0.04835,-0.06414,-0.22498,-0.10249,-0.12256,-0.11044,-0.09393,-0.03416
-0.17810,-0.06323,-0.35290,0.12986,-0.19121,-0.17844,-0.45485,0.03720,-0.09462,0.03184,0.09928,-0.00287,-0.17302,-0.24890,-0.01796,-0.14809,-0.06478,0.16310,-0.34934,-0.07286,-0.09598,-0.14758,-0.38610,-0.01725,0.03792,-0.01780,-0.34820,-0.01446,-0.10178,-0.06610,-0.16091,-0.13897,-0.02395,-0.05216,-0.04642,-0.01719,0.09729,0.00746,-0.17985,0.09936,-0.26519,-0.10126,-0.08252,0.07361,-0.03313,0.03903,-0.16769,-0.22994,-0.13002,-0.21296,-0.07379,-0.18199,0.11581,-0.08049,-0.37435,-0.25427,0.11956,-0.17204,-0.32975,0.01234,-0.21266,0.01105,-0.33343,-0.03708,-0.07046,-0.06689,-0.09482,-0.06855,0.10427,-0.03945,0.09889,0.06988,-0.15107,0.13452,-0.09488,-0.28710,0.04168,-0.04669,0.05596,0.00134,-0.00484,0.08583,-0.10745,-0.01525,-0.01766,-0.21352,-0.44324,0.05670,0.17577,0.08099,-0.29293,0.17292,-0.04890,-0.19063,-0.17720,-0.06249,-0.02470,-0.00302,0.01877,-0.11347
-0.06884,-0.07313,0.10689,0.02702,0.10734,-0.27167,-0.08349,0.19108,0.10569,-0.13715,-0.26842,-0.20468,-0.20445,0.08864,0.05682,0.13839,-0.19354,-0.14462,0.05966,-0.03718,-0.03470,-0.08258,-0.29245,-0.09037,-0.15571,0.04292,-0.21069,0.10348,0.11382,0.05832,0.21708,-0.02184,-0.04552,-0.02223,-0.10523,0.01191,-0.02970,-0.09585,0.24802,-0.00085,0.14579,-0.06388,-0.03044,0.23433,-0.04478,-0.08526,-0.04098,0.08372,-0.14493,-0.13549,-0.15424,0.15530,-0.16460,-0.03908,-0.26264,0.09993,-0.07744,0.11791,-0.20238,0.10530,-0.22209,0.39942,0.22631,0.07960,0.07915,0.18793,-0.27399,-0.07932,-0.10132,0.03540,0.06880,-0.17319,0.34957,-0.21355,-0.04910,0.08767,-0.10764,0.10679,-0.03530,-0.05405,-0.32588,-0.12645,-0.19720,-0.07316,-0.08716,0.07558,0.10363,0.04615,0.02272,-0.20465,-0.02182,-0.32109,-0.03348,0.03858,0.13802,-0.07937,0.06110,-0.05722,0.15255,-0.16395
-0.41150,-0.00472,0.30732,0.28867,-0.02757,-0.20017,0.15232,-0.01886,0.19631,-0.06193,0.13924,0.40132,-0.68668,0.60267,0.07099,-0.16309,-0.01301,0.41881,0.54224,-0.44245,-0.24610,-0.40085,0.42739,0.30884,0.21374,0.23093,0.41235,0.33847,0.38342,-0.06579,0.44065,-0.31744,0.37848,0.07986,0.42085,0.25381,-0.27434,-0.11838,0.23427,0.22226,0.37336,-0.13524,-0.13027,0.21740,0.34012,0.14790,0.25237,0.07042,-0.25212,0.29812,-0.04263,-0.16519,-0.38772,0.51726,0.14992,-0.28184,0.31473,0.18340,0.33833,0.32368,0.22498,0.28683,0.18177,0.22226,0.56813,0.29816,-0.48157,0.11736,0.31210,-0.02316,0.33425,-0.04708,0.27756,0.38347,-0.26630,0.15090,0.46639,-0.11494,0.01443,0.40715,-0.34091,0.30166,0.08071,0.16291,0.02929,0.21632,0.30881,-0.24033,0.22281,-0.12655,-0.52621,0.44862,0.17297,0.23630,0.06833,0.21400,0.12923,-0.43043,0.28659,-0.55685
-0.04165,-0.21333,-0.10885,-0.05962,-0.10322,-0.00080,-0.07520,0.05051,-0.21390,-0.24312,-0.03882,-0.18742,0.21897,-0.35715,-0.10311,-0.05247,-0.04211,-0.23586,-0.11069,-0.05797,-0.17853,-0.11435,-0.44934,0.00091,-0.22540,-0.10350,-0.29940,-0.20572,-0.05093,-0.23994,-0.09344,0.05240,-0.08670,-0.11814,-0.19205,-0.00746,-0.30784,-0.06092,0.02851,-0.16297,-0.32976,-0.13521,0.00643,-0.06083,-0.05865,-0.17281,0.02334,-0.15118,-0.01216,-0.29502,0.06801,-0.28474,0.08203,-0.05696,-0.24242,-0.11690,-0.28792,-0.10958,-0.23299,-0.02587,-0.31870,0.02326,-0.07344,-0.11662,-0.16586,-0.15269,-0.12591,-0.07162,-0.31366,-0.22168,-0.02557,-0.13844,0.06151,-0.31509,0.19714,-0.17230,0.09909,-0.07729,-0.21619,-0.19550,-0.23853,-0.14888,-0.11121,-0.16872,-0.49248,-0.07915,-0.23799,-0.12259,-0.17528,-0.17407,-0.19081,-0.19842,-0.18555,-0.05299,0.01381,-0.15703,-0.06267,0.01316,-0.16254,-0.07092
-0.11155,-0.09901,0.00324,0.11331,-0.10373,-0.09451,-0.36898,-0.15668,-0.40139,-0.16140,0.04103,-0.04341,-0.08809,-0.02616,-0.14429,-0.33399,-0.06964,0.22238,-0.25825,-0.02076,-0.22861,-0.25546,-0.30831,-0.01887,-0.12146,-0.10832,-0.33239,0.06884,-0.12061,0.02072,-0.09579,0.10658,-0.08028,-0.14187,-0.13311,-0.15035,-0.15524,-0.18106,-0.11247,-0.28845,-0.26322,0.10218,0.00637,-0.03107,0.13675,-0.19025,-0.14054,-0.00237,-0.08718,-0.35926,-0.23170,0.04551,0.04060,-0.07995,-0.15807,-0.07650,0.06037,-0.06118,-0.15411,0.03322,-0.23561,0.07487,0.08583,-0.00616,-0.02067,-0.28749,0.19633,-0.28486,-0.22896,-0.00015,-0.06206,-0.05417,-0.19729,0.02928,-0.02973,-0.03317,-0.12049,0.02483,-0.02109,0.00460,-0.02763,0.02270,0.03984,-0.21776,-0.27761,0.07366,-0.16860,-0.14418,-0.02357,-0.00409,-0.12497,0.16447,-0.21609,-0.15362,-0.05347,-0.23776,0.04498,0.04073,-0.08208,-0.10245
-0.19630,-0.32084,-1.28477,0.49715,-0.44226,-0.40798,-1.08307,-0.36578,-0.52054,-0.41622,0.69504,1.05752,-0.06147,-0.65768,-0.15319,-0.55311,-0.13394,0.96239,-1.00865,0.15734,0.17341,-0.12578,-0.51700,0.01680,0.04029,0.02773,-0.03436,0.06335,0.09131,-0.07008,-0.97280,-0.08234,0.07497,-0.24179,-0.10550,-0.04949,0.45823,-0.17566,-0.52176,-0.06244,-1.15827,0.14701,0.39217,-0.12104,-0.11620,-0.06025,-0.37728,-0.47705,0.21274,-0.84767,-0.02969,-0.44305,0.69776,0.34741,-1.07067,-0.13953,0.54383,-0.25410,-0.52320,-0.94775,-0.18391,-0.16546,-0.64958,0.23430,-0.86874,-0.79860,0.59186,-0.61896,-0.32872,0.24947,-0.27020,-0.34759,-0.33153,0.15801,-0.11323,-0.33551,0.35771,-0.30677,0.08231,0.15736,0.26353,0.11185,0.17591,0.00052,0.31098,-0.28824,-0.98269,-0.52083,0.41025,0.03633,-0.16524,1.42921,0.71115,-0.57626,-0.23398,-0.46416,-0.21078,0.11729,-0.07080,-0.20014
-0.00839,-0.04658,0.13651,-0.14285,0.06435,-0.18916,0.22447,-0.00879,-0.35001,-0.21667,-0.49141,-0.64721,0.27694,-0.31543,-0.37795,-0.05092,-0.50478,-0.59781,-0.10053,-0.15440,0.05453,0.35184,-0.74723,-0.20995,-0.32159,-0.46872,-0.80877,-0.32087,-0.46549,0.05060,0.12962,0.45230,-0.30528,0.00899,-0.30451,-0.54612,-0.17736,-0.20994,0.12350,-0.29114,-0.15212,-0.28468,-0.11441,-0.03792,-0.36055,-0.24733,-0.18949,0.30234,0.06712,-0.27645,-0.15999,0.17039,-0.12507,-0.25457,-0.26581,0.15365,-0.32467,-0.10359,-0.32762,-0.12823,-0.52661,-0.11684,0.38693,-0.16224,-0.13441,-0.25474,0.04720,-0.06795,-0.38553,-0.16333,-0.11623,-0.28290,0.12546,-0.31368,0.00336,-0.08994,-0.37989,0.24410,-0.17815,-0.30116,0.12619,-0.27561,-0.11079,-0.34366,-1.05416,-0.03392,-0.00143,0.09888,-0.21105,-0.06426,0.18655,-1.05490,-0.76679,0.01241,0.05196,-0.06790,-0.10418,0.39919,-0.20467,0.17588
0.00478,-0.17849,-0.02235,-0.21858,0.20082,-0.19464,-0.13632,-0.11195,0.19305,-0.14787,0.14130,-0.24366,-0.32813,0.04071,0.04434,0.01245,-0.05192,-0.17478,0.07520,-0.11890,-0.13906,-0.09631,0.00878,0.00841,-0.14830,-0.14052,0.00114,0.00165,-0.15783,-0.22633,0.18368,-0.09172,-0.11318,-0.36616,0.04536,-0.17653,-0.31526,0.02969,0.08347,0.00805,0.07019,0.21748,-0.19215,-0.03842,-0.13424,0.03302,0.00754,-0.06090,-0.34859,0.00794,-0.08796,-0.05969,-0.15290,0.05246,0.07620,0.03122,-0.11710,-0.09551,0.06121,0.09245,0.05998,0.16739,-0.10974,-0.12553,0.15756,-0.12580,-0.63740,-0.06147,0.20093,-0.07151,-0.01235,-0.24597,-0.01773,-0.08799,-0.18702,0.14660,-0.15568,0.04061,-0.17433,0.24436,-0.02547,0.00151,-0.13267,0.06762,-0.02460,-0.04631,0.14243,0.04557,-0.40723,-0.02960,-0.14702,-0.35259,-0.25737,-0.00536,-0.02633,-0.00604,-0.02902,-0.21642,0.22894,-0.31171
-0.18416,-0.27820,0.02378,-0.02328,0.11432,-0.15010,-0.10508,-0.07368,-0.00030,-0.05633,0.00513,-0.14819,-0.10320,-0.09436,-0.11077,-0.05569,-0.25950,0.06529,-0.05825,-0.24421,-0.24246,-0.04101,-0.16498,0.01288,-0.12975,-0.15774,-0.00198,-0.17385,-0.04917,-0.01398,-0.04267,0.12532,0.06698,0.00270,-0.07135,-0.10093,-0.12227,0.06569,0.07667,-0.16830,-0.04362,-0.09774,0.07481,-0.01989,-0.01827,-0.21779,-0.07000,0.12484,-0.33700,-0.02009,-0.22791,-0.03882,-0.07976,-0.00418,-0.00648,0.01009,-0.04397,-0.01679,-0.16285,0.10178,-0.10549,-0.03663,-0.00949,0.06456,0.15932,-0.17935,-0.35774,-0.18642,-0.25312,-0.21413,-0.02669,-0.10311,0.17996,-0.12403,-0.03968,0.19322,-0.22488,-0.06224,0.06001,-0.09047,-0.11763,0.01478,-0.06543,-0.07767,-0.35779,-0.02390,-0.08831,-0.09195,-0.04085,0.17190,-0.13475,-0.13000,-0.19576,0.14838,-0.04398,-0.05756,-0.07580,-0.03208,0.13055,-0.21715
0.48651,0.08366,1.41448,-0.63772,0.45303,0.56311,1.31882,0.01455,-0.14366,-0.05718,-1.18269,-1.48266,1.06199,-0.33086,-0.15140,0.22505,-0.17693,-1.37256,0.08144,-0.54219,-0.02241,0.43269,-0.33217,-0.82457,-0.71578,-0.94170,-1.25783,-0.95764,-0.73041,-0.13285,0.95240,1.41020,-0.73446,-0.12592,-0.55226,-0.60236,-0.52104,-0.05875,0.13082,-0.37576,0.92924,-0.84172,-0.26319,-0.42173,-0.54986,-0.74702,-0.08190,0.75193,0.12403,0.72948,-0.13945,0.84475,-0.49400,-1.27426,0.63371,0.31514,-0.66044,-0.00390,-0.13824,-0.04184,-0.43360,-0.16175,0.64269,-0.48964,-0.19182,0.55370,-0.13232,0.19204,-0.49893,-0.40686,-0.60052,-0.13527,-0.16719,-0.95383,0.27786,-0.03399,-0.94587,0.20321,-0.12098,-0.96543,-0.03591,-0.57559,0.03259,-0.84439,-1.32464,0.04790,0.56518,0.58712,-0.78979,0.10354,0.70758,-1.86904,-1.13680,0.26746,-0.11567,-0.20419,-0.03912,0.31432,-0.51184,0.07199
-0.17787,-0.27103,-0.07258,-0.19148,-0.07581,-0.19610,-0.18766,-0.01711,-0.15213,-0.26826,-0.17342,-0.23920,0.23247,-0.20026,-0.22881,-0.20191,-0.21318,-0.17083,-0.36500,-0.10073,-0.12072,-0.04367,-0.27312,-0.07178,-0.13752,-0.24184,-0.50440,-0.11380,-0.28998,-0.01961,0.06675,0.00901,-0.33396,-0.19450,-0.13960,-0.15444,0.00817,-0.05834,-0.05316,-0.16492,-0.23281,-0.12596,-0.09211,0.01472,-0.51590,-0.23728,-0.09060,0.00385,-0.04129,-0.16268,0.04595,-0.00764,-0.09862,-0.08385,-0.22669,-0.02529,-0.09508,-0.16383,-0.16890,-0.17730,-0.16271,-0.02787,-0.00305,-0.16798,-0.10186,-0.25687,-0.18054,-0.07468,-0.39405,-0.00241,-0.22893,-0.09918,-0.06553,-0.15455,-0.11246,-0.09173,-0.03275,-0.01681,-0.36491,-0.22315,0.00508,-0.02274,-0.13162,0.07041,-0.39454,-0.01205,-0.12660,-0.14978,-0.09114,-0.11201,-0.00732,-0.08360,-0.16565,-0.06988,-0.08077,0.00944,0.00898,-0.04354,-0.14812,0.07047
